sentence_id,original_word,proposed_word,final_word,action,rule,timestamp
3,kabuoan,kaboan,kabuoan,REJECT,UO_TO_O,2026-02-16T01:58:24.799Z
16,canonigo,kanonigo,kanonigo,APPROVE,C_TO_K,2026-02-16T01:58:30.012Z
16,quibus,kibus,quibus,REJECT,QU_TO_K,2026-02-16T01:58:36.779Z
35,Calipso,Kalipso,Kalipso,APPROVE,C_TO_K,2026-02-16T01:59:09.528Z
35,quevedo,kevedo,quevedo,REJECT,QU_TO_K,2026-02-16T02:00:18.467Z
59,chaqueta,chaketa,chaqueta,REJECT,QU_TO_K,2026-02-16T02:01:15.410Z
83,Coliseo,Koliseo,Coliseo,REJECT,C_TO_K,2026-02-16T02:01:22.491Z
104,escotilla,eskotilla,eskotilya,EDIT,C_TO_K,2026-02-16T02:01:35.213Z
179,clasico,clasiko,klasiko,EDIT,C_TO_K,2026-02-16T02:01:45.261Z
182,clasico,clasiko,klasiko,EDIT,C_TO_K,2026-02-16T02:02:01.459Z
182,epicureo,epikureo,epikureo,APPROVE,C_TO_K,2026-02-16T02:02:07.130Z
185,castaño,kastaño,castaño,REJECT,C_TO_K,2026-02-16T02:02:41.145Z
202,nequiores,nekiores,nequiores,REJECT,QU_TO_K,2026-02-16T02:02:46.738Z
236,curato,kurato,kurato,APPROVE,C_TO_K,2026-02-16T02:02:49.941Z
236,curato,kurato,kurato,APPROVE,C_TO_K,2026-02-16T02:02:51.866Z
281,Pacifico,Pacifiko,Pasipiko,EDIT,C_TO_K,2026-02-16T02:03:03.305Z
310,nagsuot,nagsot,nagsuot,REJECT,UO_TO_O,2026-02-16T02:03:21.400Z
323,Nagsuot,Nagsot,Nagsuot,REJECT,UO_TO_O,2026-02-16T02:03:23.652Z
338,eclesiastico,eclesiastiko,eklesyastiko,EDIT,C_TO_K,2026-02-16T02:03:35.875Z
341,muog,mog,muog,REJECT,UO_TO_O,2026-02-16T02:03:51.295Z
353,calendaryo,kalendaryo,kalendaryo,APPROVE,C_TO_K,2026-02-16T02:03:57.143Z
353,Confusio,Konfusio,Confusio,REJECT,C_TO_K,2026-02-16T02:03:59.063Z
406,canon,kanon,kanyon,EDIT,C_TO_K,2026-02-16T02:04:21.611Z
413,chaqueta,chaketa,chaketa,APPROVE,QU_TO_K,2026-02-16T02:06:05.337Z
414,Cabecera,Kabecera,Kabesera,EDIT,C_TO_K,2026-02-16T02:06:13.535Z
417,magsusuot,magsusot,magsusuot,REJECT,UO_TO_O,2026-02-16T02:06:20.711Z
417,cola,kola,cola,REJECT,C_TO_K,2026-02-16T02:06:31.629Z
420,caldero,kaldero,kaldero,APPROVE,C_TO_K,2026-02-16T02:06:33.229Z
421,canon,kanon,kanyon,EDIT,C_TO_K,2026-02-16T02:06:39.491Z
432,nanuod,nanod,nanuod,REJECT,UO_TO_O,2026-02-16T02:06:44.473Z
440,procurador,prokurador,prokurador,APPROVE,C_TO_K,2026-02-16T02:06:52.791Z
445,caldero,kaldero,kaldero,APPROVE,C_TO_K,2026-02-16T02:06:54.638Z
448,cabecera,kabecera,kabesera,EDIT,C_TO_K,2026-02-16T02:06:59.255Z
504,Compañia,Kompañia,Compañia,REJECT,C_TO_K,2026-02-16T02:07:04.393Z
547,comandante,komandante,komandante,APPROVE,C_TO_K,2026-02-16T02:07:47.467Z
568,Carpio,Karpio,Carpio,REJECT,C_TO_K,2026-02-16T02:07:51.020Z
575,requiem,rekiem,requiem,REJECT,QU_TO_K,2026-02-16T02:07:56.940Z
610,magtuos,magtos,magtuos,REJECT,UO_TO_O,2026-02-16T02:07:58.534Z
614,magtuos,magtos,magtuos,REJECT,UO_TO_O,2026-02-16T02:07:59.594Z
648,muog,mog,muog,REJECT,UO_TO_O,2026-02-16T02:08:00.825Z
649,binubuo,binubo,binubuo,REJECT,UO_TO_O,2026-02-16T02:08:02.505Z
664,kasuotang,kasotang,kasuotang,REJECT,UO_TO_O,2026-02-16T02:08:04.172Z
676,buong-buo,bong-bo,buong-buo,REJECT,UO_TO_O,2026-02-16T02:08:05.849Z
722,pagsusuot,pagsusot,pagsusuot,REJECT,UO_TO_O,2026-02-16T02:08:07.517Z
836,pagkabuo,pagkabo,pagkabuo,REJECT,UO_TO_O,2026-02-16T02:08:09.093Z
877,quos,qos,quos,REJECT,UO_TO_O,2026-02-16T02:08:11.395Z
877,Seneca,Seneka,Seneca,REJECT,C_TO_K,2026-02-16T02:08:13.532Z
880,quem,kem,quem,REJECT,QU_TO_K,2026-02-16T02:08:14.693Z
940,isinusuot,isinusot,isinusuot,REJECT,UO_TO_O,2026-02-16T02:08:16.398Z
974,contigo,kontigo,contigo,REJECT,C_TO_K,2026-02-16T02:08:30.486Z
974,pecadores,pekadores,pekadores,APPROVE,C_TO_K,2026-02-16T02:08:34.787Z
1010,pasuotsuot,pasotsot,pasuotsuot,REJECT,UO_TO_O,2026-02-16T02:08:36.258Z
1011,muog,mog,muog,REJECT,UO_TO_O,2026-02-16T02:08:37.290Z
1011,Cartago,Kartago,Kartago,APPROVE,C_TO_K,2026-02-16T02:08:44.808Z
1012,Cannes,Kannes,Cannes,REJECT,C_TO_K,2026-02-16T02:08:49.495Z
1017,reliquias,relikias,relikyas,EDIT,QU_TO_K,2026-02-16T02:09:02.915Z
1053,Golconda,Golkonda,Golconda,REJECT,C_TO_K,2026-02-16T02:09:23.486Z
1074,binubuo,binubo,binubuo,REJECT,UO_TO_O,2026-02-16T02:09:24.847Z
1082,Marco,Marko,Marco,REJECT,C_TO_K,2026-02-16T02:09:28.013Z
1092,masusuot,masusot,masusuot,REJECT,UO_TO_O,2026-02-16T02:09:28.745Z
1152,Nicasio,Nikasio,Nicasio,REJECT,C_TO_K,2026-02-16T02:09:42.229Z
1152,Cayetano,Kayetano,Cayetano,REJECT,C_TO_K,2026-02-16T02:09:44.631Z
1152,Mercado,Merkado,Mercado,REJECT,C_TO_K,2026-02-16T02:09:46.974Z
1162,alcalde,alkalde,alkalde,APPROVE,C_TO_K,2026-02-16T02:09:49.416Z
1193,codillo,kodillo,kodilyo,EDIT,C_TO_K,2026-02-16T02:09:56.216Z
1225,codillo,kodillo,kodilyo,EDIT,C_TO_K,2026-02-16T02:10:02.314Z
1239,escopeta,eskopeta,eskopeta,APPROVE,C_TO_K,2026-02-16T02:10:06.503Z
1257,condesa,kondesa,kondesa,APPROVE,C_TO_K,2026-02-16T02:10:11.398Z
1282,cuadro,kuadro,kwadro,EDIT,C_TO_K,2026-02-16T02:10:18.538Z
1346,casus,kasus,casus,REJECT,C_TO_K,2026-02-16T02:10:22.483Z
1367,Makaragui,Makaragi,Makaragi,APPROVE,GUI_TO_GI,2026-02-16T02:12:21.963Z
1370,condesa,kondesa,kondesa,APPROVE,C_TO_K,2026-02-16T02:12:23.664Z
1373,vobiscum,vobiskum,vobiscum,REJECT,C_TO_K,2026-02-16T02:12:26.044Z
1404,politica,politika,politika,APPROVE,C_TO_K,2026-02-16T02:12:29.352Z
1460,Escuela,Eskuela,Eskwela,EDIT,C_TO_K,2026-02-16T02:12:36.422Z
1562,escolasticos,eskolastikos,escolasticos,REJECT,C_TO_K,2026-02-16T02:12:45.809Z
1574,Mecachis,Mekachis,Mecachis,REJECT,C_TO_K,2026-02-16T02:12:47.894Z
1578,cuacha,kuacha,kwacha,EDIT,C_TO_K,2026-02-16T02:13:26.600Z
1593,carabineros,karabineros,carabineros,REJECT,C_TO_K,2026-02-16T02:13:32.360Z
1594,carabineros,karabineros,carabineros,REJECT,C_TO_K,2026-02-16T02:13:35.165Z
1595,contrabando,kontrabando,kontrabando,APPROVE,C_TO_K,2026-02-16T02:13:37.066Z
1595,heretico,heretiko,heretiko,APPROVE,C_TO_K,2026-02-16T02:13:41.198Z
1626,Aquino,Akino,Aquino,REJECT,QU_TO_K,2026-02-16T02:13:43.807Z
1641,ñgayon,ngayon,ngayon,APPROVE,NG_TILDE,2026-02-16T02:13:48.111Z
1642,matricula,matrikula,matrikula,APPROVE,C_TO_K,2026-02-16T02:13:55.062Z
1664,cosa,kosa,kosa,APPROVE,C_TO_K,2026-02-16T02:13:59.053Z
1666,Canones,Kanones,Kanyones,EDIT,C_TO_K,2026-02-16T02:14:08.761Z
1667,concilio,koncilio,konsilyo,EDIT,C_TO_K,2026-02-16T02:14:21.949Z
1680,vobiscum,vobiskum,vobiscum,REJECT,C_TO_K,2026-02-16T02:14:24.873Z
1680,requiescat,requieskat,requiescat,REJECT,C_TO_K,2026-02-16T02:14:26.561Z
1681,cosa,kosa,kosa,APPROVE,C_TO_K,2026-02-16T02:14:28.726Z
1686,bumubuo,bumubo,bumubuo,REJECT,UO_TO_O,2026-02-16T02:14:30.122Z
1695,quia,kia,quia,REJECT,QU_TO_K,2026-02-16T02:14:32.193Z
1695,vocatur,vokatur,vocatur,REJECT,C_TO_K,2026-02-16T02:14:33.812Z
1703,commendo,kommendo,commendo,REJECT,C_TO_K,2026-02-16T02:14:34.850Z
1704,Concedo,Koncedo,Concedo,REJECT,C_TO_K,2026-02-16T02:14:35.936Z
1707,dereliquiste,derelikiste,dereliquiste,REJECT,QU_TO_K,2026-02-16T02:14:39.267Z
1720,consecuentiam,konsekuentiam,consecuentiam,REJECT,C_TO_K,2026-02-16T02:14:41.581Z
1722,consecuentiam,konsekuentiam,consecuentiam,REJECT,C_TO_K,2026-02-16T02:14:43.308Z
1751,binubuo,binubo,binubuo,REJECT,UO_TO_O,2026-02-16T02:14:44.972Z
1754,binubuo,binubo,binubuo,REJECT,UO_TO_O,2026-02-16T02:14:46.124Z
1793,Atqui,Atki,Atqui,REJECT,QU_TO_K,2026-02-16T02:14:51.364Z
1794,multiplicar,multiplikar,multiplikar,APPROVE,C_TO_K,2026-02-16T02:14:56.459Z
1803,camaron,kamaron,camaron,REJECT,C_TO_K,2026-02-16T02:14:59.183Z
1803,cangrejo,kangrejo,cangrejo,REJECT,C_TO_K,2026-02-16T02:15:01.493Z
1866,facultad,fakultad,fakultad,APPROVE,C_TO_K,2026-02-16T02:15:06.978Z
1878,Cogito,Kogito,Cogito,REJECT,C_TO_K,2026-02-16T02:15:09.922Z
1950,escolastico,eskolastiko,eskolastiko,APPROVE,C_TO_K,2026-02-16T02:15:18.475Z
1950,escolasticismo,eskolasticismo,eskolastisismo,EDIT,C_TO_K,2026-02-16T02:15:26.582Z
1955,condecoracion,kondekoracion,kondekorasyon,EDIT,C_TO_K,2026-02-16T02:15:54.284Z
1956,condecoracion,kondekoracion,kondekorasyon,EDIT,C_TO_K,2026-02-16T02:16:03.231Z
1959,condecoracion,kondekoracion,kondekorasyon,EDIT,C_TO_K,2026-02-16T02:16:11.884Z
1996,academico,akademiko,akademiko,APPROVE,C_TO_K,2026-02-16T02:16:24.175Z
2073,condesa,kondesa,kondesa,APPROVE,C_TO_K,2026-02-16T02:16:25.682Z
2081,bumubuo,bumubo,bumubuo,REJECT,UO_TO_O,2026-02-16T02:16:27.542Z
2093,bumubuo,bumubo,bumubuo,REJECT,UO_TO_O,2026-02-16T02:16:28.835Z
2137,chocolate,chokolate,tsokolate,EDIT,C_TO_K,2026-02-16T02:16:35.441Z
2149,carrera,karrera,karera,EDIT,C_TO_K,2026-02-16T02:16:42.794Z
2153,retorica,retorika,retorika,APPROVE,C_TO_K,2026-02-16T02:16:47.874Z
2162,carrera,karrera,karera,EDIT,C_TO_K,2026-02-16T02:16:54.142Z
2181,consulado,konsulado,konsulado,APPROVE,C_TO_K,2026-02-16T02:17:09.286Z
2188,kabuoan,kaboan,kabuoan,REJECT,UO_TO_O,2026-02-16T02:17:11.015Z
2195,cuadro,kuadro,kwadro,EDIT,C_TO_K,2026-02-16T02:17:14.986Z
2203,consul,konsul,konsul,APPROVE,C_TO_K,2026-02-16T02:17:20.984Z
2225,consul,konsul,konsul,APPROVE,C_TO_K,2026-02-16T02:17:21.986Z
2228,consulado,konsulado,konsulado,APPROVE,C_TO_K,2026-02-16T02:17:23.626Z
2233,chaleco,chaleko,chaleko,APPROVE,C_TO_K,2026-02-16T02:17:25.934Z
2295,Quiroga’y,kiroga’y,Quiroga’y,REJECT,QU_TO_K,2026-02-16T02:17:29.806Z
2307,bumubuo,bumubo,bumubuo,REJECT,UO_TO_O,2026-02-16T02:17:31.652Z
2361,eclesiastico,eclesiastiko,eklesiyastiko,EDIT,C_TO_K,2026-02-16T02:17:38.329Z
2396,isinuot,isinot,isinuot,REJECT,UO_TO_O,2026-02-16T02:17:39.752Z
2440,escultura,eskultura,eskultura,APPROVE,C_TO_K,2026-02-16T02:17:55.731Z
2440,carpinteria,karpinteria,karpinterya,EDIT,C_TO_K,2026-02-16T02:18:02.112Z
2479,suob,sob,suob,REJECT,UO_TO_O,2026-02-16T02:18:05.259Z
2535,quia,kia,quia,REJECT,QU_TO_K,2026-02-16T02:18:06.264Z
2562,Porque,Porke,Porque,REJECT,QU_TO_K,2026-02-16T02:18:09.903Z
2564,cabesa,kabesa,cabesa,REJECT,C_TO_K,2026-02-16T02:18:13.600Z
2565,Curioso,Kurioso,Curioso,REJECT,C_TO_K,2026-02-16T02:18:16.472Z
2566,quiere,kiere,quiere,REJECT,QU_TO_K,2026-02-16T02:18:17.986Z
2567,Cosa,Kosa,Kosa,APPROVE,C_TO_K,2026-02-16T02:18:19.665Z
2568,querida,kerida,querida,REJECT,QU_TO_K,2026-02-16T02:18:25.772Z
2568,cabesa,kabesa,kabesa,APPROVE,C_TO_K,2026-02-16T02:18:28.229Z
2579,invocat,invokat,invocat,REJECT,C_TO_K,2026-02-16T02:18:30.779Z
2645,eclesiastico,eclesiastiko,eklesiyastiko,EDIT,C_TO_K,2026-02-16T02:18:39.459Z
2659,cadete,kadete,kadete,APPROVE,C_TO_K,2026-02-16T02:18:42.397Z
2659,cadete,kadete,kadete,APPROVE,C_TO_K,2026-02-16T02:18:43.795Z
2687,pinagduop,pinagdop,pinagduop,REJECT,UO_TO_O,2026-02-16T02:18:46.559Z
2702,procurador,prokurador,prokurador,APPROVE,C_TO_K,2026-02-16T02:18:48.052Z
2707,Ruolz,Rolz,Ruolz,REJECT,UO_TO_O,2026-02-16T02:18:49.943Z
2710,corporacion,korporacion,korporasyon,EDIT,C_TO_K,2026-02-16T02:18:56.270Z
2753,nagsuot,nagsot,nagsuot,REJECT,UO_TO_O,2026-02-16T02:18:57.531Z
2802,muog,mog,muog,REJECT,UO_TO_O,2026-02-16T02:18:58.667Z
2805,muog,mog,muog,REJECT,UO_TO_O,2026-02-16T02:18:59.391Z
2818,muog,mog,muog,REJECT,UO_TO_O,2026-02-16T02:19:00.129Z
2828,procurador,prokurador,prokurador,APPROVE,C_TO_K,2026-02-16T02:19:03.290Z
2842,copa,kopa,kopa,APPROVE,C_TO_K,2026-02-16T02:19:25.695Z
2842,caracter,karacter,karakter,EDIT,C_TO_K,2026-02-16T02:19:31.919Z
2842,caracteres,karacteres,karakteres,EDIT,C_TO_K,2026-02-16T02:19:38.403Z
2842,caracteres,karacteres,karakteres,EDIT,C_TO_K,2026-02-16T02:19:44.106Z
2845,Economica,Ekonomika,Economica,REJECT,C_TO_K,2026-02-16T02:19:50.280Z
2845,conciliario,konciliario,konsilyaryo,EDIT,C_TO_K,2026-02-16T02:20:05.551Z
2845,Banco,Banko,Banko,APPROVE,C_TO_K,2026-02-16T02:20:13.860Z
2846,bumubuo,bumubo,bumubuo,REJECT,UO_TO_O,2026-02-16T02:20:28.165Z
2847,binubuo,binubo,binubuo,REJECT,UO_TO_O,2026-02-16T02:20:30.249Z
2847,cofradia,kofradia,cofradia,REJECT,C_TO_K,2026-02-16T02:21:41.894Z
2847,archicofradia,archikofradia,archicofradia,REJECT,C_TO_K,2026-02-16T02:21:42.518Z
2858,conservador,konservador,konserbador,EDIT,C_TO_K,2026-02-16T02:21:52.501Z
2861,conservador,konservador,konserbador,EDIT,C_TO_K,2026-02-16T02:21:56.719Z
2861,conservador,konservador,konserbador,EDIT,C_TO_K,2026-02-16T02:22:01.118Z
2862,carabinero,karabinero,karabinero,APPROVE,C_TO_K,2026-02-16T02:22:04.282Z
2862,carlista,karlista,karlista,APPROVE,C_TO_K,2026-02-16T02:22:06.478Z
2862,Picote,Pikote,Picote,REJECT,C_TO_K,2026-02-16T02:22:09.402Z
2862,Tacon,Takon,Tacon,REJECT,C_TO_K,2026-02-16T02:22:11.559Z
2866,kasuotan,kasotan,kasuotan,REJECT,UO_TO_O,2026-02-16T02:22:12.962Z
2866,suotan,sotan,suotan,REJECT,UO_TO_O,2026-02-16T02:22:13.542Z
2949,kasuotan,kasotan,kasuotan,REJECT,UO_TO_O,2026-02-16T02:22:14.094Z
2950,kasuotan,kasotan,kasuotan,REJECT,UO_TO_O,2026-02-16T02:22:14.651Z
2959,copa,kopa,kopa,APPROVE,C_TO_K,2026-02-16T02:22:17.550Z
2989,Condesa,Kondesa,Kondesa,APPROVE,C_TO_K,2026-02-16T02:22:20.313Z
2989,consul,konsul,konsul,APPROVE,C_TO_K,2026-02-16T02:22:21.284Z
3012,nagsuot,nagsot,nagsuot,REJECT,UO_TO_O,2026-02-16T02:22:22.082Z
3012,americana,amerikana,amerikana,APPROVE,C_TO_K,2026-02-16T02:22:25.018Z
3047,Descartes,Deskartes,Descartes,REJECT,C_TO_K,2026-02-16T02:22:31.397Z
3051,quinto,kinto,quinto,REJECT,QU_TO_K,2026-02-16T02:22:33.924Z
3085,buong-buo,bong-bo,buong-buo,REJECT,UO_TO_O,2026-02-16T02:22:35.069Z
3107,palco,palko,palko,APPROVE,C_TO_K,2026-02-16T02:22:38.054Z
3124,Balcon,Balkon,Balcon,REJECT,C_TO_K,2026-02-16T02:22:42.212Z
3127,Parca,Parka,Parka,APPROVE,C_TO_K,2026-02-16T02:22:48.103Z
3208,Caton,Katon,Katon,APPROVE,C_TO_K,2026-02-16T02:22:56.658Z
3224,nangakasuot,nangakasot,nangakasuot,REJECT,UO_TO_O,2026-02-16T02:22:59.613Z
3231,Quoi,Qoi,Quoi,REJECT,UO_TO_O,2026-02-16T02:23:02.704Z
3231,cancans,kankans,cancans,REJECT,C_TO_K,2026-02-16T02:23:12.264Z
3232,cancan,kankan,kankan,APPROVE,C_TO_K,2026-02-16T02:23:14.954Z
3234,cancan,kankan,kankan,APPROVE,C_TO_K,2026-02-16T02:23:16.996Z
3245,qui,ki,qui,REJECT,QU_TO_K,2026-02-16T02:23:19.971Z
3248,collar,kollar,kolyar,EDIT,C_TO_K,2026-02-16T02:23:27.822Z
3262,comment,komment,comment,REJECT,C_TO_K,2026-02-16T02:23:31.281Z
3264,qui,ki,qui,REJECT,QU_TO_K,2026-02-16T02:23:32.236Z
3269,coulisses,koulisses,coulisses,REJECT,C_TO_K,2026-02-16T02:23:40.683Z
3307,cochers,kochers,cochers,REJECT,C_TO_K,2026-02-16T02:23:44.818Z
3307,domestiques,domestikes,domestiques,REJECT,QU_TO_K,2026-02-16T02:23:46.817Z
3309,domestiques,domestikes,domestiques,REJECT,QU_TO_K,2026-02-16T02:23:48.038Z
3309,domestico,domestiko,domestico,REJECT,C_TO_K,2026-02-16T02:23:49.177Z
3310,domestiques,domestikes,domestiques,REJECT,QU_TO_K,2026-02-16T02:23:50.313Z
3313,Domestiques,Domestikes,Domestiques,REJECT,QU_TO_K,2026-02-16T02:23:51.506Z
3313,domesticado,domestikado,domestikado,APPROVE,C_TO_K,2026-02-16T02:23:53.572Z
3320,nangakasuot,nangakasot,nangakasuot,REJECT,UO_TO_O,2026-02-16T02:23:55.032Z
3320,domestiques,domestikes,domestiques,REJECT,QU_TO_K,2026-02-16T02:23:59.419Z
3331,cochers,kochers,cochers,REJECT,C_TO_K,2026-02-16T02:24:24.499Z
3345,cochers,kochers,cochers,REJECT,C_TO_K,2026-02-16T02:24:29.461Z
3346,cochers,kochers,cochers,REJECT,C_TO_K,2026-02-16T02:24:30.369Z
3377,Casa,Kasa,Casa,REJECT,C_TO_K,2026-02-16T02:24:33.658Z
3388,Calderon,Kalderon,Kalderon,APPROVE,C_TO_K,2026-02-16T02:24:37.867Z
3390,nabuo,nabo,nabuo,REJECT,UO_TO_O,2026-02-16T02:24:40.484Z
3400,Custodining,Kustodining,Custodining,REJECT,C_TO_K,2026-02-16T02:24:47.468Z
3458,caida,kaida,caida,REJECT,C_TO_K,2026-02-16T02:24:50.944Z
3514,pinagduop,pinagdop,pinagduop,REJECT,UO_TO_O,2026-02-16T02:24:56.443Z
3574,muog,mog,muog,REJECT,UO_TO_O,2026-02-16T02:24:57.249Z
3607,cochers,kochers,cochers,REJECT,C_TO_K,2026-02-16T02:24:59.606Z
3653,acorazado,akorazado,akorasado,EDIT,C_TO_K,2026-02-16T02:25:11.162Z
3661,muog,mog,muog,REJECT,UO_TO_O,2026-02-16T02:25:12.417Z
3684,CUSTODIO,KUSTODIO,CUSTODIO,REJECT,C_TO_K,2026-02-16T02:25:16.702Z
3799,predicador,predikador,predikador,APPROVE,C_TO_K,2026-02-16T02:25:19.267Z
3804,predicandas,predikandas,predicandas,REJECT,C_TO_K,2026-02-16T02:25:26.355Z
3804,corporaciones,korporaciones,corporaciones,REJECT,C_TO_K,2026-02-16T02:25:28.830Z
3805,caballero,kaballero,kabalyero,EDIT,C_TO_K,2026-02-16T02:25:35.374Z
3819,Boccacio,Bockacio,Boccacio,REJECT,C_TO_K,2026-02-16T02:25:40.054Z
3856,clinica,clinika,klinika,EDIT,C_TO_K,2026-02-16T02:25:46.683Z
3887,corporacion,korporacion,corporacion,REJECT,C_TO_K,2026-02-16T02:25:48.112Z
3887,Facultad,Fakultad,Facultad,REJECT,C_TO_K,2026-02-16T02:25:56.990Z
3896,capista,kapista,kapista,APPROVE,C_TO_K,2026-02-16T02:26:07.273Z
3911,cuacha,kuacha,kwacha,EDIT,C_TO_K,2026-02-16T02:26:13.955Z
4029,nagmumuog,nagmumog,nagmumuog,REJECT,UO_TO_O,2026-02-16T02:26:15.448Z
4073,bumubuo,bumubo,bumubuo,REJECT,UO_TO_O,2026-02-16T02:26:16.457Z
4096,corruptissima,korruptissima,corruptissima,REJECT,C_TO_K,2026-02-16T02:26:19.875Z
4096,republica,republika,republica,REJECT,C_TO_K,2026-02-16T02:26:21.890Z
4106,qui,ki,qui,REJECT,QU_TO_K,2026-02-16T02:26:23.428Z
4153,corredor,korredor,koryedor,EDIT,C_TO_K,2026-02-16T02:26:54.588Z
4171,mañga,manga,mga,EDIT,NG_TILDE,2026-02-16T02:27:01.634Z
4172,predicador,predikador,predikador,APPROVE,C_TO_K,2026-02-16T02:27:03.559Z
4177,chapdiqui,chapdiki,tsapdiki,EDIT,QU_TO_K,2026-02-16T02:27:15.887Z
4181,carabinero,karabinero,karabinero,APPROVE,C_TO_K,2026-02-16T02:27:17.684Z
4212,coro,koro,koro,APPROVE,C_TO_K,2026-02-16T02:27:20.512Z
4225,buong-buo,bong-bo,buong-buo,REJECT,UO_TO_O,2026-02-16T02:27:21.444Z
4231,cogi,kogi,kogi,APPROVE,C_TO_K,2026-02-16T02:27:24.369Z
4236,conmigo,konmigo,conmigo,REJECT,C_TO_K,2026-02-16T02:27:29.516Z
4238,queda,keda,queda,REJECT,QU_TO_K,2026-02-16T02:27:30.661Z
4238,complice,komplice,complice,REJECT,C_TO_K,2026-02-16T02:27:32.461Z
4239,quema,kema,quema,REJECT,QU_TO_K,2026-02-16T02:27:33.859Z
4239,conmigo,konmigo,conmigo,REJECT,C_TO_K,2026-02-16T02:27:34.821Z
4240,riquisa,rikisa,riquisa,REJECT,QU_TO_K,2026-02-16T02:27:35.651Z
4240,encontra,enkontra,encontra,REJECT,C_TO_K,2026-02-16T02:27:36.132Z
4242,queda,keda,queda,REJECT,QU_TO_K,2026-02-16T02:27:36.759Z
4243,Loco-loco,Loko-loko,Loco-loco,REJECT,C_TO_K,2026-02-16T02:27:41.660Z
4243,aquel,akel,aquel,REJECT,QU_TO_K,2026-02-16T02:27:42.432Z
4243,cogi,kogi,cogi,REJECT,C_TO_K,2026-02-16T02:27:43.160Z
4247,Conmigo,Konmigo,Conmigo,REJECT,C_TO_K,2026-02-16T02:27:43.713Z
4248,cosa,kosa,cosa,REJECT,C_TO_K,2026-02-16T02:27:44.539Z
4250,poco,poko,poco,REJECT,C_TO_K,2026-02-16T02:27:45.590Z
4252,requiem,rekiem,requiem,REJECT,QU_TO_K,2026-02-16T02:27:51.152Z
4338,parroquia,parrokia,parokya,EDIT,QU_TO_K,2026-02-16T02:27:56.185Z
4340,exequias,exekias,exequias,REJECT,QU_TO_K,2026-02-16T02:27:59.846Z
4343,requiem,rekiem,requiem,REJECT,QU_TO_K,2026-02-16T02:28:00.754Z
4344,Corporaciones,Korporaciones,Corporaciones,REJECT,C_TO_K,2026-02-16T02:28:07.631Z
4344,matricula,matrikula,matrikula,APPROVE,C_TO_K,2026-02-16T02:28:11.517Z
4361,acuto,akuto,acuto,REJECT,C_TO_K,2026-02-16T02:28:21.992Z
4364,Cave,Kave,Cave,REJECT,C_TO_K,2026-02-16T02:28:22.941Z
4364,cadas,kadas,cadas,REJECT,C_TO_K,2026-02-16T02:28:23.974Z
4367,peccatum,peckatum,peccatum,REJECT,C_TO_K,2026-02-16T02:28:24.983Z
4372,Quicumque,Quikumque,Quicumque,REJECT,C_TO_K,2026-02-16T02:28:25.830Z
4376,isusuot,isusot,isusuot,REJECT,UO_TO_O,2026-02-16T02:28:27.048Z
4377,isuot,isot,isuot,REJECT,UO_TO_O,2026-02-16T02:28:28.025Z
4379,suotan,sotan,suotan,REJECT,UO_TO_O,2026-02-16T02:28:33.150Z
4382,exequias,exekias,exequias,REJECT,QU_TO_K,2026-02-16T02:28:35.616Z
4384,coro,koro,koro,APPROVE,C_TO_K,2026-02-16T02:28:37.117Z
4385,exequias,exekias,exequias,REJECT,QU_TO_K,2026-02-16T02:28:37.996Z
4405,corporacion,korporacion,korporasyon,EDIT,C_TO_K,2026-02-16T02:28:45.035Z
4435,makabuo,makabo,makabuo,REJECT,UO_TO_O,2026-02-16T02:28:48.127Z
4437,oraculo,orakulo,orakulo,APPROVE,C_TO_K,2026-02-16T02:28:51.537Z
4515,isinuot,isinot,isinuot,REJECT,UO_TO_O,2026-02-16T02:28:52.424Z
4565,predicador,predikador,predikador,APPROVE,C_TO_K,2026-02-16T02:28:53.956Z
4660,correo,korreo,koryo?,EDIT,C_TO_K,2026-02-16T02:29:01.887Z
4664,lacayo,lakayo,lakayo,APPROVE,C_TO_K,2026-02-16T02:29:04.116Z
4666,lacayo,lakayo,lakayo,APPROVE,C_TO_K,2026-02-16T02:29:05.744Z
4670,cuacha,kuacha,kwacha,EDIT,C_TO_K,2026-02-16T02:29:09.419Z
4704,buong-buo,bong-bo,buong-buo,REJECT,UO_TO_O,2026-02-16T02:29:10.417Z
4767,cornalina,kornalina,kornalina,APPROVE,C_TO_K,2026-02-16T02:29:16.971Z
4790,pasalisalimuot,pasalisalimot,pasalisalimuot,REJECT,UO_TO_O,2026-02-16T02:29:21.386Z
4794,mercurio,merkurio,mercurio,REJECT,C_TO_K,2026-02-16T02:29:23.871Z
4802,magmumuog,magmumog,magmumuog,REJECT,UO_TO_O,2026-02-16T02:29:25.030Z
4891,cuadrong,kuadrong,kuadrong,APPROVE,C_TO_K,2026-02-16T02:31:28.116Z
4894,Velazquez,Velazkez,Velazquez,REJECT,QU_TO_K,2026-02-16T02:31:31.950Z
4897,caida,kaida,kaida,APPROVE,C_TO_K,2026-02-16T02:31:36.861Z
4904,cubiertos,kubiertos,kubyertos,EDIT,C_TO_K,2026-02-16T02:31:43.928Z
4915,Chica,Chika,Chica,REJECT,C_TO_K,2026-02-16T02:31:46.514Z
4919,Psiquis,Psikis,Psiquis,REJECT,QU_TO_K,2026-02-16T02:31:48.297Z
4919,Cupido,Kupido,Cupido,REJECT,C_TO_K,2026-02-16T02:31:48.874Z
4942,cola,kola,cola,REJECT,C_TO_K,2026-02-16T02:31:49.376Z
4969,isusuot,isusot,isusuot,REJECT,UO_TO_O,2026-02-16T02:31:54.205Z
5045,caballero,kaballero,kabalyero,EDIT,C_TO_K,2026-02-16T02:32:00.069Z
5082,cubiertos,kubiertos,kubyertos,EDIT,C_TO_K,2026-02-16T02:32:05.122Z
5099,isinuot,isinot,isinuot,REJECT,UO_TO_O,2026-02-16T02:32:06.524Z
5114,cuartilla,kuartilla,kartilya,EDIT,C_TO_K,2026-02-16T02:32:16.279Z
5121,cuchillo,kuchillo,kutsilyo,EDIT,C_TO_K,2026-02-16T02:32:22.702Z
5132,escopeta,eskopeta,eskopeta,APPROVE,C_TO_K,2026-02-16T02:32:26.238Z
5137,Castelar,Kastelar,Kastelar,APPROVE,C_TO_K,2026-02-16T02:32:28.655Z
5157,electrica,electrika,eletrika,EDIT,C_TO_K,2026-02-16T02:32:39.819Z
5236,quia,kia,quia,REJECT,QU_TO_K,2026-02-16T02:32:44.793Z
5375,Carolino’y,Karolino’y,Carolino’y,REJECT,C_TO_K,2026-02-16T02:32:48.126Z
5393,cojera,kojera,cojera,REJECT,C_TO_K,2026-02-16T02:32:53.208Z
5393,cogera,kogera,cogera,REJECT,C_TO_K,2026-02-16T02:32:55.209Z
5394,cojera,kojera,cojera,REJECT,C_TO_K,2026-02-16T02:32:56.211Z
5421,eunuco,eunuko,eunuco,REJECT,C_TO_K,2026-02-16T02:32:59.159Z
5427,Constantinopla,Konstantinopla,Constantinopla,REJECT,C_TO_K,2026-02-16T02:33:04.598Z
5441,pinapagduop,pinapagdop,pinapagduop,REJECT,UO_TO_O,2026-02-16T02:33:05.889Z
5473,Cuba,Kuba,Cuba,REJECT,C_TO_K,2026-02-16T02:33:11.273Z
5555,requiem,rekiem,requiem,REJECT,QU_TO_K,2026-02-16T02:33:12.634Z
