token,frequency,capitalized_count,pattern_match,modern_suggestion,confidence,auto_action,sample_contexts
muog,8,0,UO_TO_O,mog,MEDIUM,REVIEW,"['52: Datapwa’y yayamang napag-uusapan na rin lamang ang tungkol sa mga alamat, ay huwag ninyong kaligtaan ang lalong mainam, dahil sa siyang lalong katotohanan, ang kababalaghan ni San Nicolas, na marahil ay nakita ninyo ang mga sirang muog ng kaniyang simbahan.', '8: Tinawid ni Basilio ang sapa sa tulong ng pagpapalungdaglundag sa mga bato na namumukod sa kaitiman sa ibabaw ng kinang ng tubig, umakyat sa bundokbundukan at tinungo ang isang munting pook na nakukulong ng matanda’t sirasirang muog.', '24: —Mayroon po akong mga palamuti ng liig ni Cleopatra, mga sadyang tunay, na nakuha sa mga piramide, mga singsing ng mga senador at mga Ginoong romano na nakuha sa mga labing muog ng Cartago......']"
binubuo,7,0,UO_TO_O,binubo,MEDIUM,REVIEW,"['9: Tinungo ang puno ng baliting malaki, mahiwaga, matanda, (na binubuo halos ng mga ugat na pataas at paibaba na wari mga sangang nangagkasalasalabid) na nakatayo sa kalagitnaan.', '87: Yaon ay isang wari’y kolyar na binubuo ng iba’t ibang palawit na ginto na mga ayos anitong uwang na kulay dahon at bughaw, at sa gitna’y may isang ulo ng bwitre na gawa sa bato, na ang kilabot ay katangitangi, na napapagitna sa dalawang pakpak na nakabuka, sagisag at hiyas ng mga haring babae sa Ehipto.', '53: —“Ang mga una ay binubuo ng tanso o pagkakahalohalo ng iba’t ibang metal at ang pangalawa ay binubuo ng isang lapad na bubog na ang dalawang mukha’y kapwa kininis at ang isa rito’y may pahid na tinggang puti.']"
bumubuo,7,0,UO_TO_O,bumubo,MEDIUM,REVIEW,"['46: —“Tinatawag na salamin ang lahat ng pamukhang binuli at nalalaan upang malarawan sa kaniya, dahil sa tama ng liwanag, ang mga larawan ng bagay na ilapit sa tinurang pamukha; dahil sa mga bagay bagay na bumubuo ng mga pamukhang ito ay binabahagi sa salaming metal at salaming bubog......', '62: —ang sabi ng katedratiko na napilitang tumawa—Tingnan natin kung alin ang tatawagin nating salamin: ang pamukha, per se, in quantum est superficies, o ang katawang bumubuo ng ibabaw na ito o kaya’y ang bagay na kinapapatungan ng pamukhang ito ang pinagbuhatang bagay, na naiba dahil sa pagkakabago sa kaniya ng tinatawag na pamukha, sapagka’t maliwanag na, sa dahilang ang pamukha ay kabaguhan ng mga katawan, ay hindi mangyayaring mawalan ng kabagayan.', '29: —Diyan nga naririyan ang kid, sa karaniwang sabi; hindi nga ba kapuripuri ang tumulong sa pamahalaan pag ang pagtulong ay sa pamag-itan ng pangangayupapa, alinsunurin ang kaniyang mga kapasiyahan, ang tuwid na katuturan ng mga batas na katugon ng tuwid na paghahaka ng mga namamahala at hindi malalaban sa unang una at karaniwang paraan sa pagkukuro ng mga Ginoong may hawak ng ikaaanyo ng mga taong bumubuo ng isang kapisanan.']"
corporacion,6,0,C_TO_K,korporacion,HIGH,SAFE,"['54: Noon nakita ang isang labanang hindi pa namamasdan sa silong ng langit ng Pilipinas: ang sa isang maralitang indio, mangmang at walang mga kaibigan, tiwala sa kaniyang katwiran at sa kabutihan ng kaniyang pinag-uusig, na nakikilaban sa isang malakas na “corporacion” na niyuyukuan ng kapangyarihan at sa harap niya’y binibitiwan ng mga hukom ang kanilang timbangan at isinusuko ang kanilang tabak.', '11: Yaon ay isang parusa ng langit sa lahat ng mga lumalaban sa mga utos ng kaniyang “corporacion”.', '64: Kung doon dinadala ng mga corporacion ang lahat ng kanilang salapi ay dapat na lumakad na mabuti ang pangangalakal doon at maaaring siya’y yumaman.']"
mañga,5,0,NG_TILDE,manga,HIGH,SAFE,"['7: Ngunit si Fray Ibañez ay nagiging musulman kapag sumusulat, at alam natin kung papano ang ginagawa nang mañga musulman sa pagpapaaral.', '165: “Ang pagkamahabagin, NA LALONG BUHAY SA MAÑGA BAYANG KATOLIKO KAY SA IBANG BAYAN, at ang alaala Niyong sa udyok din noon ay naghirap dahil sa sangkatauhan, sa amin ay nagpakilos (sic) sa pagkahabag sa mañga kasawian nang ating kapuwa at idalañgin upang sa lupaing ito, na salantangsalanta sa mañga bagyo, ay huwag maulit ang mañga kasakitsakit na pangyayaring napagmasdan nang mañga naninirahan sa Estados Unidos.', '165: “Ang pagkamahabagin, NA LALONG BUHAY SA MAÑGA BAYANG KATOLIKO KAY SA IBANG BAYAN, at ang alaala Niyong sa udyok din noon ay naghirap dahil sa sangkatauhan, sa amin ay nagpakilos (sic) sa pagkahabag sa mañga kasawian nang ating kapuwa at idalañgin upang sa lupaing ito, na salantangsalanta sa mañga bagyo, ay huwag maulit ang mañga kasakitsakit na pangyayaring napagmasdan nang mañga naninirahan sa Estados Unidos.']"
cochers,5,0,C_TO_K,kochers,HIGH,REVIEW,"['142: Ngunit agad na itinaas ang tabing at ang tagpuan ay naging anyong tiange ng mga alila, may tatlong haliging kinalalagyan ng mga sagisag at may dalang mga pahayag na servantes, cochers at domestiques.', '166: —¿Kung gayon ay ang mga dalagang iyan ang mga cochers?', '180: Si Paulita ay untiunting lalong nalulungkot dahil sa pag-iisip na kung bakit ang mga babaeng iyon na tinatawag na cochers ay nakaaakit kay Isagani.']"
requiem,4,0,QU_TO_K,rekiem,HIGH,REVIEW,"['30: Dahil sa siya’y nagulumihanan sa pagkakakita sa guardia sibil o kaya’y dahil sa wala siyang paggalang sa santong may gayong kaakbay, ay hindi nagdasal ng kahit isang requiem eternam man lamang.', '88: Sa mga bahaybahay ay nagdadasal ng rosario at may mga maawaing babaeng nagpapatungkol na ng mahahabang padrenuestro at mga requiem sa kaluluwa ng mga kamag-anak nila’t kaibigan.', '8: kung sampu ng mga intsik na hindi binyagan ay inilibing ninyo ng may misa de requiem!']"
buong-buo,4,0,UO_TO_O,bong-bo,MEDIUM,REVIEW,"['36: Gayon man ay isinasaulo niyang buong-buo ang lisyon kahit marami ang hindi niya natatarok!', '150: Iyang kagalanggalang na ginoo na maayos ang pagkakabihis, ay hindi mediko, ngunit isang manggagamot sui generis; taglay niyang buong-buo ang similia similibus....', '61: Isang kawaning napakamaingat na nagbaluting mabuti ay nakakita, nang magtatakip-silim, ng isang bulto sa kalapit ng kaniyang bahay; inakala na niyang buong-buo na yaon ay isang nag-aaral, kaya’t pinaputukan ng dalawang putok ng rebolber.']"
domestiques,4,0,QU_TO_K,domestikes,HIGH,REVIEW,"['142: Ngunit agad na itinaas ang tabing at ang tagpuan ay naging anyong tiange ng mga alila, may tatlong haliging kinalalagyan ng mga sagisag at may dalang mga pahayag na servantes, cochers at domestiques.', '144: —Ang kahulugan ng servantes ay mga sirviente, ang domestiques ay domestico....', '145: —¿At ano ang kaibhan ng mga servantes sa mga domestiques?']"
conservador,3,0,C_TO_K,konservador,HIGH,REVIEW,"['28: Muhi sa mga conservador, na hindi pinahalagahan ang kaniyang mga payo, na gaya rin naman sa mga kakabitkabit sa kaniyang humihitit sa kaniyang bulsa, ay sumapi sa pangkating liberal, at bago matapos ang taon ay bumalik sa Pilipinas, na, kung hindi man magaling na sa sakit sa atay ay gulong gulo naman ang paghahaka.', '31: Sa mga unang buwan ng kaniyang pagdating ay wala nang nababanggit kundi ang Madrid, ang kaniyang mabubuting kaibigan, ang ministrong si ganoon, ang naging ministrong si ganito, ang kinatawang C, ang manunulat na si B; walang pangyayari sa politika, mga kagusutan sa Korte, na hindi niya batid ang lalong kaliitliitang pangyayari, ni mga taong bantog na hindi niya kilala ang lihim ng kabuhayan, ni walang nangyaring hindi niya hinulaan ni paglalathala ng isang pagbabagong hindi muna isinanguni sa kaniya; at ang lahat nang ito’y may kalahok na pagsundot sa mga conservador, na taglay ang tunay na pagkasuklam, pagpupuri sa pangkating liberal, isang kabuhayan dito, isang salita doon ng isang bantog na tao, na ipinapatlang, na waring hindi kinukusa, ang mga pag-aalog sa kaniya at mga tungkuling hindi tinanggap upang huwag lamang magkaroon siya ng ano mang utang na loob sa mga conservador.', '31: Sa mga unang buwan ng kaniyang pagdating ay wala nang nababanggit kundi ang Madrid, ang kaniyang mabubuting kaibigan, ang ministrong si ganoon, ang naging ministrong si ganito, ang kinatawang C, ang manunulat na si B; walang pangyayari sa politika, mga kagusutan sa Korte, na hindi niya batid ang lalong kaliitliitang pangyayari, ni mga taong bantog na hindi niya kilala ang lihim ng kabuhayan, ni walang nangyaring hindi niya hinulaan ni paglalathala ng isang pagbabagong hindi muna isinanguni sa kaniya; at ang lahat nang ito’y may kalahok na pagsundot sa mga conservador, na taglay ang tunay na pagkasuklam, pagpupuri sa pangkating liberal, isang kabuhayan dito, isang salita doon ng isang bantog na tao, na ipinapatlang, na waring hindi kinukusa, ang mga pag-aalog sa kaniya at mga tungkuling hindi tinanggap upang huwag lamang magkaroon siya ng ano mang utang na loob sa mga conservador.']"
consul,3,0,C_TO_K,konsul,HIGH,REVIEW,"['23: Ang pangalan ni Quiroga ay paulit-ulit na nadidingig, na kahalo ng mga salitang consul, pagpapantaypantay, mga karapatan....', '45: Si Simoun ay ngumiti ng ngiti niyang malamlam, at sa dahilang nakitang sumasalubong din si intsik Quiroga ay iniwan ang mga madainging mangangalakal upang batiin ang magiging consul.', '54: Nabalitang ang General ay nakagalit ng Condesa: na ito’y naninirahang madalas sa mga bahay liwaliwan; na ang marangal na pinuno ay nabugnot; na ang consul ng mga pranses ay gayon, na nagkaroon ng mga handog, at iba pa.']"
procurador,3,0,C_TO_K,prokurador,HIGH,REVIEW,"['52: At akay ng isang kasawian at parang sa usapin ay natataya ang kaniyang kabuhayan sa araw ng bukas at ang sa kaniyang mga anak, ay ginugol ang kaniyang naiipon sa pagbabayad sa mga abogado, escribano at procurador, na hindi pa kabilang dito ang mga kawani at mga taga-sulat na sinasamantala ang kaniyang kamangmangan at kalagayan.', '56: Ngunit siya’y inaantay ni kabesang Andang upang pagsabihan ng binalak: ang matandang babae’y patutulong sa procurador ng mga agustino upang mapawi ang pagkamuhi ng mga dominiko sa kaniyang anak.', '182: Nang tinuran nito sa kaniya na makikiusap sa procurador ng mga agustino ay hindi tumutol ni humadlang man lamang; kundi bagkus pa ngang humandog na siya na ang gagawa upang maibisan ng kagambalaan ang kaniyang ina na pinamanhikang bumalik na kaagad sa kanilang lalawigan at kung mangyayari’y sa araw ding yaon.']"
kasuotan,3,0,UO_TO_O,kasotan,MEDIUM,REVIEW,"['36: Siya, ang dahil sa nadingig sa Madrid ang pag-uusap ng ukol sa mga daang nilalatagan nang kahoy sa Paris, na noon ay hindi pa ginagawa sa España, ay nagpalagay na gawin sa Maynila, sa paraang maglatag ng mga tabla sa mga lansangan at ipagpako na gaya ng nakikita sa mga bahay-bahay; siya, ang dahil sa mga kasawiang nangyayari sa mga sasakyang dadalawa ang gulong, at upang maiwasan, ay ipinalagay na magtaglay ng tatlo man lamang; siya rin naman, ang samantalang gumaganap sa pagka pangalawang pangulo ng Junta de Sanidad ay nakaisip na wiligan ng panglinis ang lahat ng bagay, sampu ng mga balitang pahatid kawad na galing sa mga bayang may sakit na nakahahawa; siya rin ang, sa pagkahabag sa mga presidiario na nangagsisigawa sa init ng araw at sa pagnanasang makapagtipid ang Pamahalaan sa paggugol sa mga kasuotan noon, ay ipinalagay na suotan na lamang ng isang bahag at pagawin sa gabi at huwag sa umaga.', '14: Ang lalong katangitangi sa taong iyon ay hindi ang kaniyang kasuotan, ni ang kaniyang mukhang taga Europa na walang balbas ni bigote, kundi ang kulay niyang saga, kulay na naging sanhi ng tawag na Camaroncocido, na siyang bansag sa kaniya.', '15: Ang anyo niya’y walang kapara: anak ng isang mabuting lipi, ngunit siya’y nabubuhay sa pagbubulagbul, sa panghihingi ng limos; lahing kastila, ay hindi pinahahalagahan ang karangalang lahi na inaalipusta sa pamag-itan ng kaniyang gulagulanit na kasuotan, ipinalalagay siya ng lahat na wari’y tagapamalita sa mga pahayagan, at tunay nga namang ang kaniyang matang malalaki’t abuhin, na malamlam at waring mapagnilay kung tumingin, ay naroon saan ma’t may bagay na maibabalita.']"
condecoracion,3,0,C_TO_K,kondekoracion,HIGH,REVIEW,"['108: Kung hangga ngayon ay hindi pa napasisiyahan ang kasulatan ay dahil sa alam kong may maraming gawaing naiimbak; ngunit inaakala kong ang pag-uusig ay nagtagumpay, na ang sanhi ng tipan ni Makaraig ay upang ibalita sa atin ang pananalo, at bukas ay makikita nating magtatamo ang ating mga pagsusumikap ng papuri at pagkilala ng bayan, at sino ang makapagsasabi, mga ginoo, kung hindi ipalagay ng pamahalaan na kayo’y dulutan ng mabuting condecoracion dahil sa kayo’y karapatdapat sa kapurihan ng inyong bayan!', '109: Nag-umugong ang masisigabong pagakpakan; naniniwala na ang lahat sa pananalo at ang marami sa condecoracion.', '112: —¡Pag hindi nagkaroon tayo ng condecoracion sa binti!']"
cadete,3,0,C_TO_K,kadete,HIGH,REVIEW,"['62: Isang araw na kasama ng mga “colegial” sa paglilibot ay nakagalit ng ilang “cadete”, na, naging sanhi muna ng simulang pag-aaway at pagkatapos ay paghahamunan.', '13: Sa dakong malayo-layo ay nangakahalang sa bangketa ang dalawang cadete na nakikipag-usap sa isang kawani ng isang tindahan, na nakabaro’t walang amerikana; tinungo sila ni Placido Penitente upang buksan ang daan, ngunit ang mga cadete na masasaya at nakahalata sa masamang tangka ng binata ay nangagsilayo.', '13: Sa dakong malayo-layo ay nangakahalang sa bangketa ang dalawang cadete na nakikipag-usap sa isang kawani ng isang tindahan, na nakabaro’t walang amerikana; tinungo sila ni Placido Penitente upang buksan ang daan, ngunit ang mga cadete na masasaya at nakahalata sa masamang tangka ng binata ay nangagsilayo.']"
qui,3,0,QU_TO_K,ki,HIGH,REVIEW,"['80: qui parle de Serpolette?', '99: Et moi qui t’croyais....', '119: Ang masasabi ko upang kayo’y maniwala, ay, na ang kasiraang tinataglay ninyo ay hindi nararapat na ibintang sa amin ni sa pamahalaan; iyan ay nasa sa di wastong pagkakatatag ng aming kapisanan, qui multum probat, nihil probat, na nasasawi sa kahigitan sa pag-iingat, kakulangan sa kailangan at lampas doon sa kalabisan.']"
eclesiastico,3,0,C_TO_K,eclesiastiko,HIGH,REVIEW,"['49: —Ngunit kayo, na siyang gobernador eclesiastico, ang kahalili ng Arsobispo, ¿ano ang gagawin ninyo kung sa inyo mangyari ang bagay na iyon?', '181: Nakikinikinita ko sa bagay na iyan ang espiritismo, sapagka’t kailan man ay gumagamit ng mesa ang mga espiritista, at sa akala ko’y sapagka’t gobernador eclesiastico si Padre Salvi ay dapat niyang ipagbawal ang pagtatanghal.', '178: ; dalidaling pumanaog ang isang utos ng gobernador eclesiastico na pinipigil ang mga palabas; ngunit wala na si Mr.']"
quia,3,0,QU_TO_K,kia,HIGH,REVIEW,"['71: Kung ang pamukha ay siyang salamin, ay iba sa kabagayan ng salamin ang ano mang nalalagay sa likuran, sa dahilang ang nasa likod ay hindi makapagbabago sa nasa sa harapan, id est, ng ibabaw, quae super faciem est, quia vocatur superficies facies ea quae supra videtur; pinaayunan mo o hindi?', '68: —¡Memento, homo, quia pulvis es!', '60: Credo quia absurdum, ang sabi ni San Agustin.']"
nagsuot,3,0,UO_TO_O,nagsot,MEDIUM,REVIEW,"['21: —Ngunit ¿saan baga kayo nagsuot?', '107: Hinudyatan nito ang binata, iniwan nila ang daan at nagsuot sa isang palikawlikaw na landas at mga daanang pagitan ng ilang bahay; kung minsa’y nangagsisitalon sa maliliit na bato upang iwasan ang mumunting putikan at kung minsa’y yumuyuko upang dumaan sa bakod na masama ang pagkakayari at lalo pa manding masama ang pagkakaingat.', '77: Mga lalaking madidilim ang mukha, mga hukot, mga di mapalagay at hindi mawasto at masama ang pagkakabalatkayo ng suot, na wari’y noon lamang nagsuot ng americana.']"
predicador,3,0,C_TO_K,predikador,HIGH,REVIEW,"['119: Walang kapingaspingas si Pecson ay nag-angtanda, tumindig na pinipilit pigilin ang kaniyang tawang hangal, ginayahan ang isang predicador na agustino, na noo’y nababantog, at nagsimula sa pagbulong na wari’y sinasabi ang laman ng sermon.', '8: Testiga, gaya nang sabi nang isang maalindog na predicador, ang aklatan sa Alejandria!', '3: Ang mga pamahayagan sa Maynila ay nangalululong sa pagsasalaysay ng ukol sa isang nabunyag na patayang nangyari sa Europa, sa mga pagpupuri at pagbibigay karangalan sa ilang predicador sa Maynila, sa lalo’t lalo pang masigabong pagtatatagumpay ng operetang pranses, kaya babahagya nang makapaglaan ng gayon o ganitong balitang ukol sa mga katampalasanang ginagawa sa mga lalalawigan ng isang pulutong ng tulisan na pinangunguluhan ng isang pinunong mabangis at ganid na nagpapamagat na Matanglawin.']"
cosa,3,0,C_TO_K,kosa,HIGH,REVIEW,"['40: cosa?', '57: At inulit sa wikang tinda, ng mabait na katedratiko, ang katanungan na linahukan sa bawat sandali ng mga cosa at aba.', '84: ¿Y cosa de jase Paulita?']"
cuacha,3,0,C_TO_K,kuacha,HIGH,REVIEW,"['131: Si Tadeo ay pumaparoon araw araw sa Unibersidad upang itanong kung may pasok at tuwi na’y nagtataka kung bakit may pasok: mayroon siyang hinalang may isang cuacha na panay at walang katapusan at inaantay niyang dumating sa bawat sandali.', '71: Tila mangyayari din ang walang katapusang cuacha.', '3: Si Pecson, si Tadeo at si Juanito Pelaez ay pawa ring nangapigil; tinanggap ng una ang mga kalabasa na taglay ang kaniyang tawang hangal at nangakong papasok na opisial sa alin mang hukuman; si Tadeo, na natagpuan din ang walang katapusang cuacha, ay nagdaos ng isang pag-iilaw na ang ginagawa’y sinigan ang kaniyang mga aklat; ang iba’y hindi rin nangakaligtas na mabuti, kaya’t nangapilitang iwan ang kanilang mga pag-aaral, sa gitna ng kasiyahang loob ng mga ina, na kailan pa ma’y nangakakinikinitang ang kanilang mga anak ay bitay pag nangakaalam ng sinasabi ng mga aklat.']"
exequias,3,0,QU_TO_K,exekias,HIGH,REVIEW,"['5: kung ating ipagkakait ang exequias sa mga namamatay ng hindi nagkukumpisal, ay malilimutan natin ang De profundis!', '47: Ang mga exequias nga ay ginawa ng buong dingal.', '50: Si aling Patrocinio, ang dating katunggali ni kapitang Tiago sa pagkamasambahin, ay tunay na tunay na nagnasang mamatay naman sa kinabukasan upang makapagpagawa ng mga exequias na lalo pang malaki kay sa roon.']"
condesa,3,0,C_TO_K,kondesa,HIGH,REVIEW,"['98: Batid nang ang una, sa dahilang siya’y Vice-Rector, ay laban sa panukala, at ang pangalawa ay kumakatig at kinakatigan naman ng condesa.', '211: —Iyan ang sinabi ko sa inyo, mayaman...... iniluluhog ng condesa na inyong tingnan.', '21: Si Padre Irene, si Padre Fernandez, ang condesa, isang mangangalakal na nakakikinikinita nang makapagbibili ng kagamitang ukol sa bagong Akademia at ang mataas na kawaning nagtukoy ng iba’t ibang kapasiyahang-hari ay mangagtatagumpay na sana, ng ipinaalaala ni Padre Sibyla, upang magkapanahon, ang Kataastasang Lupon.']"
cojera,3,0,C_TO_K,kojera,HIGH,REVIEW,"['6: “Minamahal kong Capellan: Katatanggap ko pa lamang ng isang telegrama ng komandante na ang sinasabi’y: español escondido casa Padre Florentino cojera remitira vivo muerto.', '14: Hindi siya napigil ni Padre Florentino: walang nahita sa pagpapaliwanag sa kaniya na ang ibig marahil sabihin ng salitang cojera ay cogera; na ang kastilang nagtatago ay hindi mangyayaring si Don Tiburcio kundi si Simoun, na may dalawang araw pa lamang na kararating, na sugatan at waring pinag-uusig, na huminging patuluyin.', '15: Si Don Tiburcio ay hindi napahinuhod; ang cojera ay ang kaniya ngang pagkapilay, ang tanda niya sa katawan: yaon ay pakana ni Victorina na ibig siyang matagpuang patay o buhay, gaya ng isinulat ni Isagani buhat sa Maynila.']"
isinuot,3,0,UO_TO_O,isinot,MEDIUM,REVIEW,"['20: Ang suot ni Paulita Gomez ay baro’t panyong pinya na binurdahan, iba kay sa isinuot ng umagang iyon sa pagparoon sa Sto.', '126: Siya’y nag-ayos, isinuot ang kaniyang pinakamabuting gayak at wari pa manding siya’y may malaking hangad.', '7: ” Ipinalagay ang ginawa ni Padre Irene na pagpasok sa ilalim ng dulang na “biglang udyok ng likas na katapangan, na hindi napaglubag ng habito ng isang Dios ng kapayapaan na isinuot buong buhay”, tinangka ni Padre Irene na habulin ang nagkasala at sa pagbagtas niya nang patuwid ay dumaan sa silong ng dulang.']"
consecuentiam,2,0,C_TO_K,konsekuentiam,HIGH,REVIEW,"['96: —¡Nego consecuentiam, Padre!', '98: —¡Aha, kung gayo’y probo consecuentiam!']"
matricula,2,0,C_TO_K,matrikula,HIGH,REVIEW,"['18: Datapwa’y upang mapagkilala ang katotohanan ay sasabihin namin, na sa Gabineteng ito nag-aaral ang tatlo o apat na pung pumapasok sa ampliacion sa ilalim ng pamamahala ng isang nagtuturong gumaganap naman ng mabuti sa kanyang tungkulin; ngunit sa dahilang ang lalong marami sa mga nag-aaral ay galing sa Ateneo Municipal na ang pagtuturo doon ay sa pagsasanay sa loob ng Gabinete, ay wala ring malaking kabuluhan ang gayong pangyayari na di gaya nang kung ang makasamantala noon ay ang dalawang daa’t limang pung nagbabayad ng kanilang matricula, bumibili ng aklat, nangag-aaral at gumugugol ng isang taon at walang namumuangan pagkatapos.', '9: Si Padre Irene ang inihalal ni kapitang Tiago na kaniyang albacea at gaganap ng kaniyang mga habilin, at iniiwan ang bahagi ng kaniyang kayamanan sa Sta. Clara, ang bahagi ay sa Papa, sa Arsobispo, sa mga Corporaciones, at nag-iwan ng dalawang pung piso upang ipagbayad ng matricula ng mga nag-aaral na maralita.']"
carabineros,2,0,C_TO_K,karabineros,HIGH,REVIEW,"['146: nakalagda na rito ang dalawang carabineros celestiales ¿ano pa ang ikatatakot mo?', '147: Ang pangalang carabineros celestiales ay nakapagbibigay tiwala.']"
carrera,2,0,C_TO_K,karrera,HIGH,REVIEW,"['97: At yayamang hindi mapipigil na mag-aral ang kabataan at dito’y wala na namang ibang carrera ¿bakit babayaang masayang ang kanilang panahon at pagsisikap?', '110: Palagi ninyong aalalahanin na ang lalong wastong paglingap ay ang lingapin muna ang sarili; walang dapat hanapin ang tao sa mundo kundi ang lalong malaking kaligayahan ng kaniyang sarili, gaya ng sabi ni Bentham; pag kayo’y nanghimasok sa mga kaululan, ay hindi kayo magkakaroon ng carrera, ni hindi kayo magkakaasawa, ni hindi kayo magiging anoman.']"
vobiscum,2,0,C_TO_K,vobiskum,HIGH,REVIEW,"['214: —Sa Basiliong iyan ay wala akong masasabi—ang tugon ni Padre Irene na itinaas at ibinuka ang mga kamay na waring mag dodominus vobiscum;—sa ganang akin iyan ay tubig na hindi kumikilos.', '56: hindi iyan; dominus vobiscum ang sinasabi ko sa iyo at ang isinasagot mo sa akin ay requiescat in pace!']"
cuadro,2,0,C_TO_K,kuadro,HIGH,REVIEW,"['123: —Sira daw ang bubungan—ang sagot ng kalihim—at sa dahilang bumili siya ng mga mapa at cuadro, sa sariling gugol, ay hindi mapabayaang ulani’t arawin......', '15: Yaong isa na may kagulangan na at sinisiyasat na malapit na malapit ang mga bagay bagay, ang mga lampara, at mga cuadro, at iba pa.']"
consulado,2,0,C_TO_K,konsulado,HIGH,REVIEW,"['1: Nang kinagabihan ng Sabado ring yaon, ang intsik na si Quiroga na nagnanasang makapagtatag ng isang consulado ng kaniyang bansa, ay naghanda ng isang hapunan sa itaas ng kaniyang tindahan na nasa daang Escolta.', '48: Nababalitang inaayunan ni Simoun ang mga hangarin ng intsik, kasang-ayon sa ukol sa consulado, at sa gitna ng mga banggitin, mga parunggit at mga puntos suspensivos ay tinukoy na siya ng isang pamahayagang laban sa intsik, sa isang nabantog na pakikipagsagutan sa isang kasamang kampi sa mga may buhok.']"
kabuoan,2,0,UO_TO_O,kaboan,MEDIUM,REVIEW,"['4: Gayon man, siya’y kinagigiliwan sa dakong iyon, sanhi marahil sa pangalan niyang tagalog o dahil sa taglay niya ang sadyang ugali ng mga bagay-bagay ng bayan, isang wari’y tagumpay na laban sa pagkakasulong, isang bapor na hindi tunay na bapor ang kabuoan, isang sangkap na hindi nagbabago, hindi ayos ngunit hindi mapag-aalinlanganan, na, kung ibig mag-anyong makabago ay nasisiyahan na ng buong kalakhan sa isang pahid ng pintura.', '8: Manga putok ng botella ng Champagne, bungguan ng mga kopa, tawanan, usok ng tabako at isang tanging amoy ng bahay intsik, na may halong pebete, apian at mga imbak na bungang kahoy ang nagiging kabuoan ng lahat ng iyon.']"
cabesa,2,0,C_TO_K,kabesa,HIGH,REVIEW,"['97: —Aba, ñora, porque ’talla el mana prailes y el mana empleau—ang sagot ng isang lalaki—’ta jasi solo para ilos el cabesa de espinge.', '101: ¿querida ba de prayle el cabesa?']"
copa,2,0,C_TO_K,kopa,HIGH,REVIEW,"['12: Ang Buena Tinta ay galing sa kaniyang pakikipagkaibigan kay Ben-Zayb, nang ito, sa dalawang matunog na pakipagtunggali na inabot ng buwanan at lingguhan sa mga tudling ng pahayagan ukol sa kung nararapat o hindi gumamit ng sombrerong hongo, de copa o salakot, at kung ang paggamit ng ukol sa marami ng salitang caracter ay dapat maging caracteres at hindi caracteres, upang patibayan ang kaniyang mga pangangatwiran ay lumulusot kailan man sa mga salitang “constanos de buena tinta”, “lo sabemos de buena tinta” at iba pa.', '24: Maliit, lubhang maliit, natatakluban ang ulo ng isang sambalilong de copa na naging isang uod na may balahibo, at napapaloob sa isang maluwang na lebita, lubhang maluwang at napakahaba hanggang sa mapantay sa isang salawal na napakaikli na hindi lumalampas sa binti.']"
cubiertos,2,0,C_TO_K,kubiertos,HIGH,REVIEW,"['58: Doo’y wala kun di pipitong cubiertos; ang mga kagamitan ay pawang pilak, ang mga mantel at serbilyeta ay manipis na lino, ang mga alak ay yaong lalong pinakamahal at masarap.', '177: Binitiwan ang kanilang mga cubiertos.']"
lacayo,2,0,C_TO_K,lakayo,HIGH,REVIEW,"['102: —Kapag balang araw ay nakapagsarili na kayo,—ang sabing natutubigan sa indiong lacayo na nagbukas ng pintuan ng sasakyan,—ay alalahanin ninyo na sa España ay hindi nagkulang ng mga pusong tumibok ng dahil sa inyo at nakitunggali ng dahil sa inyong mga karapatan!', '104: —ang sagot ng lacayo na hindi siya napakinggang mabuti at itinatanong kung saan sila paparoon.']"
isusuot,2,0,UO_TO_O,isusot,MEDIUM,REVIEW,"['41: Sa ibang pulutong ang lalong mahabang salitaan ay ukol sa patay; ang pinagtatalunan ay ang damit na isusuot sa bangkay.', '64: di bigyan mo ako ng mga panabing na tig lalabing dalawang piso ang isang bara at tingnan mo kung isusuot ko ang mga basahang ito!']"
queda,2,0,QU_TO_K,keda,HIGH,REVIEW,"['74: no jabla vos puelte, ñora, baka pa de queda vos complice.', '78: —¿Ta queda dice preso Isagani?']"
conmigo,2,0,C_TO_K,konmigo,HIGH,REVIEW,"['72: No pa ta paga conmigo su deuda.', '75: ¡Ya quema yo nga el libro que ya dale prestau conmigo!']"
cogi,2,0,C_TO_K,kogi,HIGH,REVIEW,"['67: —¿Ya cogi ba con Tadeo?', '79: —Loco-loco tambien aquel Isagani,—ang sabing namumuhi ng nag-aaral;—no sana de cogi con ele, ta anda pa presenta!']"
coro,2,0,C_TO_K,koro,HIGH,REVIEW,"['48: Nataon namang naparaan doon ang isang mabalasik na militar, na may iniisip mandin, na inakalang ang kaguluhan ay isa nang pagsalakay ng mga pilibustero, kaya’t piniyapis ng sable ang mga bata, pumasok sa simbahan, at kung hindi nagkasalasalabid sa tabing na nakasabit sa coro ay pinagpupugutan sana ng ulo ang lahat ng naroon.', '49: Yaon ang naging kaigaigaya: maraming kamanyang ang sinunog, maraming awit sa wikang latin, nag-aksaya ng maraming agua bendita: alangalang sa kaniyang kaibigan ay inawit ni Padre Irene, sa coro, ang Dies irae na ang boses ay pahumal; at sumakit ang ulo ng mga nalalapit dahil sa katutugtog ng plegaria.']"
caballero,2,0,C_TO_K,kaballero,HIGH,REVIEW,"['125: Ipahintulot ninyo sa akin, mga kapatid, na sa isang sandali’y maging caballero andante ako upang magtanggol ng walang sukat magsanggalang, ng mga banal na korporasion na nagturo sa atin, at patibayan pang muli ang karugtong ng ibig turan noong sawikain na, bitukang bundat ay nagpupuri sa Dios, na dili iba’t, ang bitukang dayukdok ay magpupuri sa mga prayle.', '140: Nakita ni Isagani na ang kaniyang kaibigan ay matuling lumalayo na taglay ang pagmamadaling nagpapakilala ng tunay na takot at nagpatuloy din nang pagtingin sa nakaaakit na mga bintana, gaya ng caballero de Toggenburg na nag-aantay na dumungaw ang iniibig, na sinabi ni Schiller.']"
caida,2,0,C_TO_K,kaida,HIGH,REVIEW,"['28: Sa gitna ng katahimikang naghahari sa bahay, na nabubulahaw lamang sa ilang mahinang paghihilik na galing sa kabilang silid, ay nakadingig si Basilio ng madalas na yabag sa hagdanan, mga yabag na dumaan sa caida at tungo sa kaniyang kinalalagyan.', '51: Ang malaking caida, na nahiyasan ng mga bulaklak, ay siyang naging kakainan, isang malaking dulang na sukat sa tatlong pu katao ang nasa gitna, at sa mga paligid, natatabi sa mga pader, ay may ilang maliliit na sukat sa dalawa o tatlo katao.']"
cancan,2,0,C_TO_K,kankan,HIGH,REVIEW,"['67: —¡Magkakaroon tayo ng cancan!', '69: —Mangagsasayaw ng cancan, Makaraig.']"
nangakasuot,2,0,UO_TO_O,nangakasot,MEDIUM,REVIEW,"['59: Kabubukas pa lamang ng tabing at naharap sa kaniyang mga mata ang masayang pulutong ng mga taong bukid sa Corneville na nangakasuot ng gorrang bulak at mabibigat na bakyang kahoy ang nasa paa.', '155: Ang mga alila, mga sampu o labing dalawa, na anyong magagaspang, nangakasuot ng librea at may dalang isang sangang maliit sa kamay, ay nangagsilagay sa ilalim ng pahayag na domestiques.']"
suotan,2,0,UO_TO_O,sotan,MEDIUM,REVIEW,"['36: Siya, ang dahil sa nadingig sa Madrid ang pag-uusap ng ukol sa mga daang nilalatagan nang kahoy sa Paris, na noon ay hindi pa ginagawa sa España, ay nagpalagay na gawin sa Maynila, sa paraang maglatag ng mga tabla sa mga lansangan at ipagpako na gaya ng nakikita sa mga bahay-bahay; siya, ang dahil sa mga kasawiang nangyayari sa mga sasakyang dadalawa ang gulong, at upang maiwasan, ay ipinalagay na magtaglay ng tatlo man lamang; siya rin naman, ang samantalang gumaganap sa pagka pangalawang pangulo ng Junta de Sanidad ay nakaisip na wiligan ng panglinis ang lahat ng bagay, sampu ng mga balitang pahatid kawad na galing sa mga bayang may sakit na nakahahawa; siya rin ang, sa pagkahabag sa mga presidiario na nangagsisigawa sa init ng araw at sa pagnanasang makapagtipid ang Pamahalaan sa paggugol sa mga kasuotan noon, ay ipinalagay na suotan na lamang ng isang bahag at pagawin sa gabi at huwag sa umaga.', '44: Ngunit ipinakli ng isang sastre na yamang nakita ng mga mongha si kapitang Tiago na naka prak na umaakyat sa langit, ay dapat suotan ng prak at hindi kailangan ang mga pananggol at mga kasuutang hindi tatagusan: nagpaprak kung tumutungo sa isang sayawan, sa isang pista, at hindi maaasahang hindi gayon din ang matatagpuan niya sa kaitaasan.... at ¡tingnan!']"
carabinero,2,0,C_TO_K,karabinero,HIGH,REVIEW,"['32: Napakalaki ang kapusukan niya ng mga unang araw na iyon, na ang ilan sa kausap-usap sa tindahan ng mga sarisaring kakanin na dinadalaw niyang maminsanminsan ay nangagsisapi sa pangkating liberal, at nagpanggap nang liberal si Don Eulogio Badana, sargento retirado sa carabinero; ang marangal na si Armendia, piloto at matalik na carlista; si Don Eusebio Picote, kawani sa aduana, at si Don Bonifacio Tacon, sapatero at talabartero.', '17: Yaon ang paraan ng mga dating carabinero, na nagsusulot sa mga silong ng bahay ng mga tabako at dahong ipinagbabawal, pagkatapos ay magpapakunwaring manghahalughog at pipilitin ang kahabaghabag na may bahay na sumuhol o magmulta!']"
codillo,2,0,C_TO_K,kodillo,HIGH,REVIEW,"['34: ang taya ay sigurong siguro na, kundi man ang codillo, at natalo pa dahil sa tawag!', '66: —At ito,—ang patuloy ni Simoun na tinangki sa balikat ang General—ang ibabayad nito sa akin sa bawat limang tantos ay isang vale na katimbang ng limang araw na pagkakabilanggo, sa isang solo ay limang buwan, sa isang codillo ay isang utos na pagpapatapon, na walang nakatalang pangalan, sa isang bola.... ay isang utos sa guardia sibil na makabaril sa daan sa taong parurusahan, samantalang ipinaghahatiran, at iba pa.']"
caracteres,2,0,C_TO_K,karacteres,HIGH,REVIEW,"['12: Ang Buena Tinta ay galing sa kaniyang pakikipagkaibigan kay Ben-Zayb, nang ito, sa dalawang matunog na pakipagtunggali na inabot ng buwanan at lingguhan sa mga tudling ng pahayagan ukol sa kung nararapat o hindi gumamit ng sombrerong hongo, de copa o salakot, at kung ang paggamit ng ukol sa marami ng salitang caracter ay dapat maging caracteres at hindi caracteres, upang patibayan ang kaniyang mga pangangatwiran ay lumulusot kailan man sa mga salitang “constanos de buena tinta”, “lo sabemos de buena tinta” at iba pa.', '12: Ang Buena Tinta ay galing sa kaniyang pakikipagkaibigan kay Ben-Zayb, nang ito, sa dalawang matunog na pakipagtunggali na inabot ng buwanan at lingguhan sa mga tudling ng pahayagan ukol sa kung nararapat o hindi gumamit ng sombrerong hongo, de copa o salakot, at kung ang paggamit ng ukol sa marami ng salitang caracter ay dapat maging caracteres at hindi caracteres, upang patibayan ang kaniyang mga pangangatwiran ay lumulusot kailan man sa mga salitang “constanos de buena tinta”, “lo sabemos de buena tinta” at iba pa.']"
escopeta,2,0,C_TO_K,eskopeta,HIGH,REVIEW,"['80: Dahil doon at sa dahilang ibinalita ni Simoun na ang mga tulisan ay maraming escopeta, baril at rebolber at sa gayong mga tao’y hindi maaaring makalaban ang nag-iisa kahit na may sandata, ay lalagda ng bagong utos ang Kapitang General na ukol sa mga “pistolas de salon” upang maiwasan na ang mga tulisan ay magkaroon ng armas.', '40: —ani Ben-Zayb na nagtatala;—apat o limangpung tulisang sa paraang taksil.... mga rebolber, itak, escopeta, pistola.... leong nananandata, silla.... putolputol.... sinugatan nang walang kaawa-awa... sampung libong piso......']"
pinagduop,2,0,UO_TO_O,pinagdop,MEDIUM,REVIEW,"['41: —ang patuloy ng ina na pinagduop ang kamay—¡panganganlan kang pilibistiero at bibitayin ka!', '84: —ani Basilio na pinagduop ang kamay—¡nahuli kayo, lubhang huli!']"
canon,2,0,C_TO_K,kanon,HIGH,REVIEW,"['18: Nakaraan ang isa pang taon at dumating ang isa pang mabuting ani, at dahil sa paganito o pagayong sanhi ay ginawa ng mga prayle na limang pung piso ang canon, na pinagbayaran naman ni Tales upang huwag silang magkagalit at sa dahilang umasang maipagbibili sa mabuting halaga ang asukal.', '33: Nang umabot sa dalawang daang piso ang canon ay hindi na nagkasiya si kabesang Tales sa pagkamot sa ulo at pagbubuntong hininga: tumutol at bumulongbulong.']"
clasico,2,0,C_TO_K,clasiko,HIGH,REVIEW,"['16: Samantalang nanagumpay ang pagkakahilig sa pag-aaral sa mga clasico (liwanagin ninyong mabuti, mga binata), ang apian ay naging gamot lamang, at kung hindi, ay, sabihin ninyo sa akin kung sino ang nangagsisihitit.', '19: At ang di kasiyahang loob na lalong clasico ay nabakas sa mukha niyang epicureo na ahit na ahit.']"
chaqueta,2,0,QU_TO_K,chaketa,HIGH,REVIEW,"['60: Nakatayong ang paa’y nakabikaka upang makapanimbang wari, ang mga kamay ay nakapasok sa mga alapot ng kaniyang chaqueta.', '25: Tinawag na ngang kabesang Tales, nangailangang magpagawa ng chaqueta, bumili ng isang sambalilong pieltro at humanda sa paggugugol.']"
caldero,2,0,C_TO_K,kaldero,HIGH,REVIEW,"['32: Ibinibigay na ng lutuang putik ang kaniyang bigas sa caldero.', '57: Ang kasangkapang lupa, sa pakikipaglaban sa mga caldero, ay may nakahahanga ring anyo, sa pagkadurog: taglay niya ang kaigtingan ng pagdumog ng walang pag-asa.']"
facultad,2,0,C_TO_K,fakultad,HIGH,REVIEW,"['79: Gaya rin ng dating pagsusumigasig, o higit pa kung mangyayari, dinaan ng binata ang mga taong pag-aaral ng “facultad”, at mula pa sa ikatlong taon ay nanggamot na siya, na pinalad naman, bagay na hindi lamang pagsisimula ng isang magandang haharapin kundi nagbibigay din naman sa kaniya ng sapat na gugugulin upang makapagbihis ng mainam-inam at makapag-ipon pa ng kaunti.', '19: Sa dako pa roon, ang may katandaan, mga nag-aaral ng facultad, na, mga sutlang midias at sapatilyang may burda ang suot, ay nangaglilibang sa pagpapagalit sa mga batang pinipirol sa tainga na namumula na tuloy dahil sa kapipingot; dalawa o tatlo ang pumipigil sa isang maliit na sumisigaw, umiiyak at ipinagtatanggol sa pamagitan ng kasisipa ang tali ng kaniyang salawal: ibig lamang na iwan siyang kagaya noong sumipot sa liwanag.... pumapalag at umiiyak.']"
cola,2,0,C_TO_K,kola,HIGH,REVIEW,"['29: —Sa taong darating ay magsusuot ka na ng de cola at paparoon ka sa Maynila, upang mag-aral na gaya ng mga dalaga sa bayan!', '37: Ang suot ay isang mainam na kagayakang sutla; mahaba ang cola, na may burdang bulaklak na namumukod sa ibabaw.']"
curato,2,0,C_TO_K,kurato,HIGH,REVIEW,"['73: —Huwag po kayong magalit, binata,—ang sabi:—wala akong masamang tangka, ngunit sa dahilang pinatibayan sa akin, na ang lahat ng curato ay nasa kamay ng mga klerigong taga rito, ani ko, ay: ang mga prayle ay nagpapakamatay sa isang curato at pinasasalamatan na ng mga pransiskano yaong pinakamaralita, kaya’t pag ganyang ipinauubaya nila sa mga klerigo ay sa dahilang doon ay hindi kilala ang mukha ng hari.', '73: —Huwag po kayong magalit, binata,—ang sabi:—wala akong masamang tangka, ngunit sa dahilang pinatibayan sa akin, na ang lahat ng curato ay nasa kamay ng mga klerigong taga rito, ani ko, ay: ang mga prayle ay nagpapakamatay sa isang curato at pinasasalamatan na ng mga pransiskano yaong pinakamaralita, kaya’t pag ganyang ipinauubaya nila sa mga klerigo ay sa dahilang doon ay hindi kilala ang mukha ng hari.']"
magtuos,2,0,UO_TO_O,magtos,MEDIUM,REVIEW,"['65: ¡Saka na tayo magtuos sa huli!', '69: Saka na tayo magtuos.']"
riquisa,1,0,QU_TO_K,rikisa,HIGH,REVIEW,['76: ¡Baka pa de riquisa y de encontra!']
Boccacio,1,1,C_TO_K,Bockacio,MEDIUM,REVIEW,"['139: Alisin ninyo ang prayle, mga ginoo, at makikita ninyong mayayanig ang kapamayanang pilipino, dahil sa kakulangan ng malalakas na balikat at mabalahibong hita; ang pamumuhay pilipino ay makakainip kung wala ang nakapagpapasayang prayle na mapagbiro at malikot, kung wala ang mumunting aklat, at mga sermon na nakapagpapaihit ng tawa, kung wala ang mainam na pagkakaibayo na malalaking hangarin sa mga bungong walang kabuluhan, kung wala ang tunay na pagtatanghal, sa araw-araw, ng mga kuwento ni Boccacio at ni Lafontaine!']"
clinica,1,0,C_TO_K,clinika,HIGH,REVIEW,"['16: Isang guro sa clinica ang sumalubong sa kaniya, at matapos na mapigilan siya sa balikat na lubhang mahiwaga (ang guro ay kaibigan niya), ay marahan siyang tinanong:']"
Facultad,1,1,C_TO_K,Fakultad,MEDIUM,REVIEW,"['47: Nahalal sa tulong ng lakas ng Vice-Rector, na hindi na hinilingan ng anomang karapatan liban sa lubos na pag-alinsunod sa corporacion, at inaaring isang tiktik at mangsusumbong ng ibang guro sa Facultad.']"
capista,1,0,C_TO_K,kapista,HIGH,REVIEW,"['56: Tomas, at ito’y sa isang capista naman nakabalita.']"
nagmumuog,1,0,UO_TO_O,nagmumog,MEDIUM,REVIEW,"['42: Iyon ay isang ulos na biglang lumusot samantalang nagmumuog, gaya ng tawag sa esgrima.']"
corruptissima,1,0,C_TO_K,korruptissima,HIGH,REVIEW,"['109: Upang pigilin ang isang munting kasamaan, ay naglalagda ng maraming kautusan na nagiging sanhi ng lalo pang maraming kasamaan: corruptissima in republica plurimae leges, ang sabi ni Tacito.']"
escotilla,1,0,C_TO_K,eskotilla,HIGH,REVIEW,['105: —ang patuloy ni Simoun na humandang dumaan sa escotilla upang pumanaog sa kamara—ang nasabi ay nasabi na.']
complice,1,0,C_TO_K,komplice,HIGH,REVIEW,"['74: no jabla vos puelte, ñora, baka pa de queda vos complice.']"
corredor,1,0,C_TO_K,korredor,HIGH,REVIEW,['166: Binuksan ni Padre Fernandez ang pinto at sinundan siya ng tingin hanggang nakaliko sa corredor.']
nequiores,1,0,QU_TO_K,nekiores,HIGH,REVIEW,"['39: Noong aming kapanahunan ay nag-aaral kami ng latin, sapagka’t ang lahat ng aming mga aklat ay nasa wikang latin; ngayon ay kaunting latin na lamang ang inyong pinag-aaralan, ngunit wala kayong mga aklat sa wikang latin; sa isang dako naman, ang mga aklat ninyo’y nasa wikang kastila at hindi itinuturo ang wikang ito: aetas parentum pejor avis tulit nos nequiores!']"
corporaciones,1,0,C_TO_K,korporaciones,HIGH,REVIEW,"['124: Hindi sumisilang ang isang araw na hindi umuugong ang isang pagbaka, na hindi nadingig ang isang masamang parunggit sa mga reverendas, venerandas at predicandas corporaciones, na walang sukat magtanggol at walang sukat kumatig.']"
quema,1,0,QU_TO_K,kema,HIGH,REVIEW,['75: ¡Ya quema yo nga el libro que ya dale prestau conmigo!']
chapdiqui,1,0,QU_TO_K,chapdiki,HIGH,REVIEW,"['13: Kung ang araw ay parisukat sana ng sumilang at ang mga Kristo ay mga nakapantalon, ay hindi marahil makabakla kay Quiroga na di gaya noon: inari niyang liampo marahil ang araw at ang mga santong larawan ay mga manglalaro ng chapdiqui na nangahubaran; ngunit ¡ang hindi pagsipot ng mga prayle na nataon pa naman sa pagtanggap niya ng mga bagong bagay!']"
castaño,1,0,C_TO_K,kastaño,HIGH,REVIEW,"['22: —Magagawa po, inaantay na lamang namin ngayon o bukas ang pahintulot—ang sagot ni Isagani—si Padre Irene, na marahil ay nakita ninyo sa itaas, na hinandugan namin ng dalawang kabayong castaño, ay nangako na sa amin.']"
epicureo,1,0,C_TO_K,epikureo,HIGH,REVIEW,['19: At ang di kasiyahang loob na lalong clasico ay nabakas sa mukha niyang epicureo na ahit na ahit.']
republica,1,0,C_TO_K,republika,HIGH,REVIEW,"['109: Upang pigilin ang isang munting kasamaan, ay naglalagda ng maraming kautusan na nagiging sanhi ng lalo pang maraming kasamaan: corruptissima in republica plurimae leges, ang sabi ni Tacito.']"
predicandas,1,0,C_TO_K,predikandas,HIGH,REVIEW,"['124: Hindi sumisilang ang isang araw na hindi umuugong ang isang pagbaka, na hindi nadingig ang isang masamang parunggit sa mga reverendas, venerandas at predicandas corporaciones, na walang sukat magtanggol at walang sukat kumatig.']"
Loco-loco,1,1,C_TO_K,Loko-loko,MEDIUM,REVIEW,"['79: —Loco-loco tambien aquel Isagani,—ang sabing namumuhi ng nag-aaral;—no sana de cogi con ele, ta anda pa presenta!']"
famelica,1,0,C_TO_K,famelika,HIGH,REVIEW,"['120: “Si tripa plena laudat Deum, tripa famelica laudabit fratres; kung ang bitukang bundat ay nagpupuri sa Dios, ang bitukang dayukdok ay magpupuri sa mga prayle.']"
Corporacion,1,1,C_TO_K,Korporacion,MEDIUM,REVIEW,"['8: Nang aanihin na ang unang tanim ay inangkin ang mga lupang iyon ng isang “Corporacion” ng mga prayle na may pag-aari sa bayang kalapit, na ang ikinakatwiran ay nasa sa loob ng kanilang mga hanganan, at upang mapatunayan ang gayon ay itinayo noon din ang kanilang mga muhon.']"
collar,1,0,C_TO_K,kollar,HIGH,REVIEW,"['83: Si Serpolette, kahit hindi iniiwan ang anyo niyang makisig na babae, ay tumingin sa unang pumagakpak at ginanti ito ng isang ngiti, na nagpakita ng maliliit niyang ngipin na wari’y isang collar na perlas na nakasilid sa isang lalagyang tersiopelong pula.']"
comment,1,0,C_TO_K,komment,HIGH,REVIEW,"['97: —Mais, comment!']"
coulisses,1,0,C_TO_K,koulisses,HIGH,REVIEW,['104: Ang masayang si Lily ay lubhang enchantee sa pagkakatagpo sa Maynila sa isang dating kaibigan na nagpapaalaala sa kaniya ng mga coulisses ng dulaan ng Grande Opera.']
Confusio,1,1,C_TO_K,Konfusio,MEDIUM,REVIEW,['64: Kung ako’y mapapasakaintsikan at malalagay ako sa gayong kagipitan ang una ko munang tatawagan ay yaong lalong hindi kilalang santo sa calendaryo kay sa kay Confusio o Budha.']
calendaryo,1,0,C_TO_K,kalendaryo,HIGH,REVIEW,['64: Kung ako’y mapapasakaintsikan at malalagay ako sa gayong kagipitan ang una ko munang tatawagan ay yaong lalong hindi kilalang santo sa calendaryo kay sa kay Confusio o Budha.']
domestico,1,0,C_TO_K,domestiko,HIGH,REVIEW,"['144: —Ang kahulugan ng servantes ay mga sirviente, ang domestiques ay domestico....']"
Domestiques,1,1,QU_TO_K,Domestikes,MEDIUM,REVIEW,['148: —Domestiques ang mga domesticado o napaamo na: ¿hindi ba ninyo napupuna na ang ilan ay may astang taong gubat?']
domesticado,1,0,C_TO_K,domestikado,HIGH,REVIEW,['148: —Domestiques ang mga domesticado o napaamo na: ¿hindi ba ninyo napupuna na ang ilan ay may astang taong gubat?']
Casa,1,1,C_TO_K,Kasa,MEDIUM,REVIEW,['212: —¡O taga dulot-kailangan ng Real Casa!']
Calderon,1,1,C_TO_K,Kalderon,MEDIUM,REVIEW,"['223: —At kayo na isang makata na umaalinsunod sa tunog at sukat, anak ng mga Musa—ang patuloy ni Sandoval na ikinumpay ng magandang kilos ang kamay, na waring binati sa abot ng tingin ang siyam na magkakapatid—¿maaakala baga ninyo na sa isang wikang napakasalat at walang katunogtunog na gaya ng pranses ay mangyayaring magkaroon ng mga makatang napakalalaking gaya ng ating mga Garcilaso, ng ating mga Herrera, ng ating mga Espronceda at mga Calderon?']"
nabuo,1,0,UO_TO_O,nabo,MEDIUM,REVIEW,"['225: —Si Victor Hugo, kaibigang Pecson, si Victor Hugo, sakali’t makata, ay sapagka’t utang niya sa España.... sapagka’t kilala na, isang bagay na hindi mapag-aalinlanganan, bagay na tinatanggap ng sampung mga pranses na nangaiingit sa España, na kung si Victor Hugo ay may mataas na pag-iisip, kung makata, ay sa dahilang sa Madrid siya nanirahan noong kaniyang kabataan, doon nasimsim ang mga unang buko ng pag-iisip, doon nabuo ang kaniyang utak, doon nagkakulay ang kaniyang paghahaka, ang kaniyang puso’y naayos at sumipot ang mga magagandang buko ng kaniyang pagkukuro.']"
Custodining,1,1,C_TO_K,Kustodining,MEDIUM,REVIEW,['235: Custodining.']
corporaciong,1,0,C_TO_K,korporaciong,HIGH,REVIEW,"['250: —At upang makitang tayo’y kalahok sa pamamahala sa akademia—ang patuloy ni Makaraig—ay ipinagaganap sa atin ang paniningil ng mga ambagan at abuloy, na katungkulan nating ibigay sa isang ingat-yaman na ihahalal ng “corporaciong” mamamahala, at ang ingat-yamang iyon ay magkakaloob sa atin ng katibayan ng pagkakatanggap....']"
Nagsuot,1,1,UO_TO_O,Nagsot,MEDIUM,REVIEW,"['34: Nagsuot lalaki at lumigid sa ungos ng Cabo, sa pagparito, at humarap sa Ilustrisima na hinilingang tumupad sa pangako.']"
acorazado,1,0,C_TO_K,akorazado,HIGH,REVIEW,"['103: Ang mga acorazado ay siyang magbabantay sa ating mga baybayin: ang pilipino at ang kastila ay mag-uunahan sa pagpupunyaging gapiin ang anomang pagdagsa ng mga taga ibang lupain, upang ipagtanggol ang inyong mga tahanan at bayaan kayong matuwa at mabuhay ng mapayapa, na ginigiliw at iginagalang.']"
Macanista,1,1,C_TO_K,Makanista,MEDIUM,REVIEW,['1: Ang loob kabahayan ng “Panciteria Macanista de buen gusto” ng gabing iyon ay may anyong di pangkaraniwan.']
CUSTODIO,1,1,C_TO_K,KUSTODIO,MEDIUM,REVIEW,['4: ¡LUMUWALHATI SI CUSTODIO DAHIL SA KANIYANG MAÑGA KALIKSIHAN AT PANSIT SA LUPA SA MAÑGA BINATANG MAY MABUBUTING KALOOBAN!']
Pacifico,1,1,C_TO_K,Pacifiko,MEDIUM,REVIEW,"['118: Nang mangyari ang mga kaguluhan noong 72 ay ipinanganib ni Padre Florentino na siya’y mapuna dahil sa kalakihan ng kinikita ng kaniyang kurato, at sa dahilang siya’y payapang tao, ay humingi ng pagpapahinga at mula na noon ay nanirahan nang wari’y isang taong karaniwan sa mga lupain nilang mag-aanak na nasa baybayin ng dagat Pacifico.']"
encontra,1,0,C_TO_K,enkontra,HIGH,REVIEW,['76: ¡Baka pa de riquisa y de encontra!']
Cannes,1,1,C_TO_K,Kannes,MEDIUM,REVIEW,['25: —Marahil ay ang mga ipinadala ni Anibal ng matapos ang labanan sa Cannes!']
cancans,1,0,C_TO_K,kankans,HIGH,REVIEW,"['66: Quoi v’la tous les cancans d’la s’maine!.... ang awit ni Gertrude, isang magandang dalaga na sumusulyap ng makahulugang sulyap sa Kapitan General.']"
magmumuog,1,0,UO_TO_O,magmumog,MEDIUM,REVIEW,"['88: Kami ni kabesang Tales ay magtatagpo sa siyudad at ito’y aming kukunin, at kayo sa mga arabal ay tatayo kayo sa mga tulay, magmumuog kayo roon, hahandang sumaklolo sa amin at patayin ninyo, hindi lamang ang laban sa panghihimagsik, kung hindi ang lahat ng lalaking ayaw sumamang manandata!']"
Velazquez,1,1,QU_TO_K,Velazkez,MEDIUM,REVIEW,"['48: Tunay nga’t nakadingig siya ng pag-uusap na ukol sa mga artistang taga ibang lupa na gaya nina Rafael, Murillo, Velazquez, ngunit hindi niya maisip kung papano ang gagawing pakikipagalam sa mga taong yaon, at saka ang isa pa’y baka mangagsilabas na may laban sa pamahalaan.....']"
Calipso,1,1,C_TO_K,Kalipso,MEDIUM,REVIEW,"['36: Ngunit ang asawa, sindak sa nagawang kasalanan, na sa kaniya’y waring isang kakilakilabot na pagpatay sa kabiyak ng puso ang gayong nagawa, habol ng mga furia sa tahanan (ang dalawang aso at isang loro sa bahay), ay nagtatakbo ng buong tuling ipinahintulot ng kaniyang pilay, lumulan sa unang sasakyang natagpuan, sumakay sa unang bangkang nakita sa isang ilog, at, Ulises na pilipino, nagpagalagala sa mga bayan-bayan, sa isa’t isang lalawigan, sa isa’t isang pulo, na pinamumuntutan ng kaniyang Calipso, na naka quevedo, na nakayayamot sa bawat makasama sa paglalakbay.']"
volcan,1,0,C_TO_K,volkan,HIGH,REVIEW,['1: “Danzar sobre un volcan.']
Chica,1,1,C_TO_K,Chika,MEDIUM,REVIEW,"['10: —¡Chica, que filadelfio esta el tio!']"
Psiquis,1,1,QU_TO_K,Psikis,MEDIUM,REVIEW,['14: —¡Si Psiquis at si Cupido na dumating sa Olimpo!']
Cupido,1,1,C_TO_K,Kupido,MEDIUM,REVIEW,['14: —¡Si Psiquis at si Cupido na dumating sa Olimpo!']
comedor,1,0,C_TO_K,komedor,HIGH,REVIEW,"['93: Nakita sa salas ang maraming taong nakaligid kay Simoun at pinagmamasdan ang lampara; nakadingig ng mga maliligayang bati, mga bulalas na paghanga; ang mga salitang “comedor estreno” ay naulit-ulit; nakitang ngumiti ang General at kinurokuro niyang sa gabing iyon gagawin ang unang paggamit, alinsunod sa itinakda ng mag-aalahas, at tunay ngang sa dulang na hahapunan ng General.']"
cuartilla,1,0,C_TO_K,kuartilla,HIGH,REVIEW,"['22: Ginising siya nang nag-uumaga, na ang mga cuartilla ay ibinabalik at may isang sulat ng namamahala, na sinasabing ipinagbawal na mahigpit ng General na pag-usapan ang nangyari at ipinagbilin na pabulaanan ang kahit anong sabisabihan at usap-usapang kumalat, na, ang lahat ay ipalagay na salisalita lamang, mga palangha at mga pakapakana.']"
cuchillo,1,0,C_TO_K,kuchillo,HIGH,REVIEW,"['29: Kinibit ng namamahala ang balikat: ipinagbawal ng General, sapagka’t kung mapag-alaman na pitong malalaking mga dioses ay nagpabayang mapagnakawan ng isang bala na, samantalang ikinukumpay ang mga tenedor at cuchillo, ay mapapanganib ang tibay ng Inang-bayan!']"
Castelar,1,1,C_TO_K,Kastelar,MEDIUM,REVIEW,"['45: Sa pagmumura ay maaaring lumawig pa, maaaring banggitin ang pananampalataya, ang pananalig, ang kaawaan, ang tugtog ng mga kampana, ang utang ng mga indio sa mga prayle, malungkot sa sarili at gumamit ng maraming banggit at mga himig na ayos Castelar.']"
electrica,1,0,C_TO_K,electrika,HIGH,REVIEW,"['65: Sa pagkakawangki sa anyo ni Simoun ng mga tinurang ayos ay ipinalagay na hindi katotohanan ang mga pahayag na iyon, kaya’t binigyan ng katakottakot na pahirap ang magnanakaw, sampu ng makina electrica, dahil sa gayong kahalayhalay na tungayaw.']"
Carolino’y,1,1,C_TO_K,Karolino’y,MEDIUM,REVIEW,"['92: Matuling nangagsipangunyapit ang mga sundalo, na inilagay sa dulo ng baril ang mga bayoneta at laan sa isang labanang subuan; ang Carolino’y siyang tanging dahandahan ang lakad, na ang tingin ay pasulingsuling, malamlam, na inaalala ang sigaw ng taong nabuwal dahil sa tama ng punlo.']"
Capellan,1,1,C_TO_K,Kapellan,MEDIUM,REVIEW,['6: “Minamahal kong Capellan: Katatanggap ko pa lamang ng isang telegrama ng komandante na ang sinasabi’y: español escondido casa Padre Florentino cojera remitira vivo muerto.']
escondido,1,0,C_TO_K,eskondido,HIGH,REVIEW,['6: “Minamahal kong Capellan: Katatanggap ko pa lamang ng isang telegrama ng komandante na ang sinasabi’y: español escondido casa Padre Florentino cojera remitira vivo muerto.']
quibus,1,0,QU_TO_K,kibus,HIGH,REVIEW,"['17: Nang umagang iyon ay lalo pang namumuhi si aling Victorina dahil sa hindi siya pinapansin ng mga kalipon, at dapat nga namang magkagayon, sapagka’t tignan nga naman ninyo: magkalipon doon ang tatlong prayleng nananalig na ang buong mundo’y lalakad ng patiwarik sa araw na sila’y lumakad ng matuwid; isang walang pagal na Don Custodio na payapang natutulog, na siyangsiya ang loob sa kaniyang mga munakala; isang walang pagod na manunulat na gaya ni Ben-Zayb (katimbang ng Ibañez) na nag-aakalang kung kaya’t may nag-iisip sa Maynila ay sa dahilang siya’y nag-iisip; isang canonigo na gaya ni Padre Irene na nagbibigay dangal sa mga pari dahil sa mabuti ang pagkakaahit ng kaniyang mukhang kinatatayuan ng isang ilong hudio at dahil sa kaniyang sotanang sutla na mainam ang tabas at maraming botones; at isang mayamang mag-aalahas na gaya ni Simoun na siya manding tanungan at nag-uudyok sa mga galaw ng Kapitan General; akalain nga ba namang magkatatagpo ang mga haliging ito na sine quibus non ng bayan, magkapipisan doon at maligayang nag-uusap, na hindi nabibighaning malugod sa isang tumakwil sa pagkapilipina, na nagpapula ng buhok, ¡bagay ng sukat makabugnot sa isang Joba!']"
cogera,1,0,C_TO_K,kogera,HIGH,REVIEW,"['14: Hindi siya napigil ni Padre Florentino: walang nahita sa pagpapaliwanag sa kaniya na ang ibig marahil sabihin ng salitang cojera ay cogera; na ang kastilang nagtatago ay hindi mangyayaring si Don Tiburcio kundi si Simoun, na may dalawang araw pa lamang na kararating, na sugatan at waring pinag-uusig, na huminging patuluyin.']"
eunuco,1,0,C_TO_K,eunuko,HIGH,REVIEW,['42: Sumaalaala niya yaong bantog na tinuran ni San Juan Crisostomo nang ipinagtanggol ang eunuco na si Eutropio: “¡Kailan man ay hindi naging lalong kapit na di gaya ngayon sabihing: Kapalaluan ng mga kapalaluan at ang lahat ay kapalaluan!']
Constantinopla,1,1,C_TO_K,Konstantinopla,MEDIUM,REVIEW,['48: ¿Saan matatagpo ang mga bigkas na nakaaakit ng obispo sa Constantinopla?']
pinapagduop,1,0,UO_TO_O,pinapagdop,MEDIUM,REVIEW,"['62: Sindak na pinapagduop ni Padre Florentino ang mga kamay, dahil sa waring nakilala ang kakilakilabot na katotohanan.']"
cuadrong,1,0,C_TO_K,kuadrong,HIGH,REVIEW,"['45: Hindi siya nahikayat ni Simoun; ayaw ng mga cuadrong oleo ang mangangalakal, baka may maghinalang gawa ng mga artistang pilipino....']"
mercurio,1,0,C_TO_K,merkurio,HIGH,REVIEW,"['80: Ang lampara ay magbibigay ng isang maningning na ilaw na sukat na siyang mag-isa upang magpaliwanag sa lahat: ngunit pagkaraan ng dalawang pung minuto ay lalamlam ang ilaw, at sa gayon, kapag tinangkang itaas ang lambal ay puputok ang isang kapsulang fulminato de mercurio, ang granada ay sasabog at kasabay niya ang kakainan na sa bubong at sahig ay kinanlungan ko ng mga bayong ng pulbura upang walang makaligtas na sino man......']"
Conmigo,1,1,C_TO_K,Konmigo,MEDIUM,REVIEW,['83: —¡Conmigo no ta debi nada!']
pasalisalimuot,1,0,UO_TO_O,pasalisalimot,MEDIUM,REVIEW,"['76: Samantala nama’y itinotornilyo ni Simoun ang isang katangitangi at pasalisalimuot na kasangkapan, inilagay ang tubong bubog, ang bomba, at ang lahat ng iyon ay pinutungan ng isang magarang pantalya.']"
poco,1,0,C_TO_K,poko,HIGH,REVIEW,"['86: Siguro de llora un poco, luego de casa con un español.']"
idalañgin,1,0,NG_TILDE,idalangin,HIGH,SAFE,"['165: “Ang pagkamahabagin, NA LALONG BUHAY SA MAÑGA BAYANG KATOLIKO KAY SA IBANG BAYAN, at ang alaala Niyong sa udyok din noon ay naghirap dahil sa sangkatauhan, sa amin ay nagpakilos (sic) sa pagkahabag sa mañga kasawian nang ating kapuwa at idalañgin upang sa lupaing ito, na salantangsalanta sa mañga bagyo, ay huwag maulit ang mañga kasakitsakit na pangyayaring napagmasdan nang mañga naninirahan sa Estados Unidos.']"
pagliñgap,1,0,NG_TILDE,paglingap,HIGH,SAFE,"['168: “Matapos ang gayong karaming pagkahabag at pagliñgap sa katauhan, si Fray Ibañez, itong, si Ben-Zayb, ay nanira sa pagdalañging patungkol sa Pilipinas.']"
pagdalañging,1,0,NG_TILDE,pagdalanging,HIGH,SAFE,"['168: “Matapos ang gayong karaming pagkahabag at pagliñgap sa katauhan, si Fray Ibañez, itong, si Ben-Zayb, ay nanira sa pagdalañging patungkol sa Pilipinas.']"
parroquia,1,0,QU_TO_K,parrokia,HIGH,REVIEW,"['3: Tunay nga na ipinaalaala kay Padre Irene ng kura sa parroquia na si kapitang Tiago ay namatay nang hindi nagkukumpisal, ngunit ang mabuting pari, samantalang nakangiti nang palibak, ay hinimas ang kaniyang ilong at sumagot na:']"
Coliseo,1,1,C_TO_K,Koliseo,MEDIUM,REVIEW,"['84: Sa ganiyang paraan nayari ang mga Piramide, ang lawang Moeris at ang Coliseo sa Roma.']"
Corporaciones,1,1,C_TO_K,Korporaciones,MEDIUM,REVIEW,"['9: Si Padre Irene ang inihalal ni kapitang Tiago na kaniyang albacea at gaganap ng kaniyang mga habilin, at iniiwan ang bahagi ng kaniyang kayamanan sa Sta. Clara, ang bahagi ay sa Papa, sa Arsobispo, sa mga Corporaciones, at nag-iwan ng dalawang pung piso upang ipagbayad ng matricula ng mga nag-aaral na maralita.']"
acuto,1,0,C_TO_K,akuto,HIGH,REVIEW,"['26: Walang nahita si Don Primitivo sa kalalatin, si Martin Aristorenas ay nag-iiiling, gayong ang latin ni Don Primitivo ay madaling mawatasan: sinasabi niyang: an gallus talisainus, acuto tari armatus, an gallus beati Petri bulikus sasabungus sit at iba pa.']"
Cave,1,1,C_TO_K,Kave,MEDIUM,REVIEW,['29: Cave ne cadas!']
cadas,1,0,C_TO_K,kadas,HIGH,REVIEW,['29: Cave ne cadas!']
peccatum,1,0,C_TO_K,peckatum,HIGH,REVIEW,"['32: Hindi mo pinananaligan ang kapangyarihan ng Dios, peccatum mortale!']"
Quicumque,1,1,C_TO_K,Quikumque,MEDIUM,REVIEW,"['37: Quicumque non crederit, anathema sit!']"
isuot,1,0,UO_TO_O,isot,MEDIUM,REVIEW,"['42: Ipinalagay ni kapitang Tinong na damit pransiskano ang isuot; mayroon pa naman siyang isa, luma, sirasira at takpi takpi, mainam na kasangkapan na, alinsunod sa patunay ng prayle na pinaglimusan niya sa halagang tatlong pu’t anim na piso, nakapagliligtas sa bangkay sa apoy ng inpierno, at nagsalaysay ng makapagpapatibay na mga banal na pangyayaring hango sa mga aklat na ikinakalat ng mga kura.']"
makabuo,1,0,UO_TO_O,makabo,MEDIUM,REVIEW,"['46: Dahil sa pagkakabilanggo ni Basilio, ang mga dukha’t marunong lumingap na mga kaanak ay gumawa ng lahat ng magagawa upang mailigtas ang binata; ngunit sa dahilang silang lahat ay hindi pa makabuo ng tatlong pung piso, ay si hermana Bali, gaya rin ng dati, ang siyang nagkaroon ng lalong mabuting akala.']"
oraculo,1,0,C_TO_K,orakulo,HIGH,REVIEW,"['48: Sa mga abang taong iyon, ang taga-sulat sa tribunal ay siyang oraculo sa Delfos ng matatandang griego.']"
correo,1,0,C_TO_K,korreo,HIGH,REVIEW,['98: —¿Alam baga ninyo kung kailan aalis ang correo?']
quevedo,1,0,QU_TO_K,kevedo,HIGH,REVIEW,"['36: Ngunit ang asawa, sindak sa nagawang kasalanan, na sa kaniya’y waring isang kakilakilabot na pagpatay sa kabiyak ng puso ang gayong nagawa, habol ng mga furia sa tahanan (ang dalawang aso at isang loro sa bahay), ay nagtatakbo ng buong tuling ipinahintulot ng kaniyang pilay, lumulan sa unang sasakyang natagpuan, sumakay sa unang bangkang nakita sa isang ilog, at, Ulises na pilipino, nagpagalagala sa mga bayan-bayan, sa isa’t isang lalawigan, sa isa’t isang pulo, na pinamumuntutan ng kaniyang Calipso, na naka quevedo, na nakayayamot sa bawat makasama sa paglalakbay.']"
caballeria,1,0,C_TO_K,kaballeria,HIGH,REVIEW,"['39: Iginiba na ang mga bahay na pawid, sa tulong ng isang pulutong na “caballeria” upang dumumog sa mga may ari, sakaling mangagsilaban: nagkaroon ng maraming iyakan at maraming paghihinagpis, ngunit hindi na naman lumalo pa roon.']"
cornalina,1,0,C_TO_K,kornalina,HIGH,REVIEW,"['53: Ang sisidlan ay anyong isang granada, kasinglaki ng ulo ng tao, may kaunting bitak, na kinakakikitaan ng mga butil sa loob, na ginayahan ng malalaking cornalina.']"
aquel,1,0,QU_TO_K,akel,HIGH,REVIEW,"['79: —Loco-loco tambien aquel Isagani,—ang sabing namumuhi ng nag-aaral;—no sana de cogi con ele, ta anda pa presenta!']"
Cabecera,1,1,C_TO_K,Kabecera,MEDIUM,REVIEW,"['26: Upang huwag makipagkagalit sa Kura at sa Pamahalaan ay pinagpapaluwalan niya ang naaalis sa padron, ipinagbabayad ang mga umaalis at namamatay, nag-aaksaya ng maraming panahon sa paniningil at pagtungo sa Cabecera.']"
Quoi,1,1,UO_TO_O,Qoi,MEDIUM,REVIEW,"['66: Quoi v’la tous les cancans d’la s’maine!.... ang awit ni Gertrude, isang magandang dalaga na sumusulyap ng makahulugang sulyap sa Kapitan General.']"
colegial,1,0,C_TO_K,kolegial,HIGH,REVIEW,"['62: Isang araw na kasama ng mga “colegial” sa paglilibot ay nakagalit ng ilang “cadete”, na, naging sanhi muna ng simulang pag-aaway at pagkatapos ay paghahamunan.']"
Aquino,1,1,QU_TO_K,Akino,MEDIUM,REVIEW,"['2: Sa hinabahaba ng dingding na bato ay may tatlong baitang na bato na may takip na dalig, na puno ng mga nag-aaral na ang pagkakahanay ay alinsunod sa unang letra ng kanilang pangalan; sa ibayo ng pasukan, sa ilalim ng isang larawan ni Santo Tomas de Aquino, ay nalalagay ang luklukan ng propesor, mataas at may dalawang hagdan sa magkabilang panig.']"
ñgayon,1,0,NG_TILDE,ngayon,HIGH,SAFE,"['17: Sa taontaon ay may dalawang daa’t limang pu ang nag-aaral ng tinurang asignatura, at marahil dala ng katamaran, ng pagwawalang bahala, sa kauntian ng kaya ng indio o iba pang sanhing likas sa kanila o bagay na di mawatasan.... hanggang sa ñgayon ay hindi pa sumisipot ang isang kahit munti man lamang, na Lavoisier, isang Secchi, ni isang Tyndall, na lahing malayong pilipino.']"
quos,1,0,UO_TO_O,qos,MEDIUM,REVIEW,"['154: —Katutubo ng tao ang mamuhi doon sa inapi niya, ang sabi ni Tacito na pinatibayan ang quos laeserunt et oderunt ni Seneca.']"
pagkabuo,1,0,UO_TO_O,pagkabo,MEDIUM,REVIEW,['113: Iya’y isang munting batong natapon sa kaparangan na hindi kasama sa pagkabuo ng isang bahay.']
Canones,1,1,C_TO_K,Kanones,MEDIUM,REVIEW,"['42: Hindi lamang hindi pinupupo ni Padre Millon ang lahat ng nag-aaral, gaya ng sino mang mabuting prayle, kundi kinakausap pa sila ng wikang tinda, bagay na natutuhan sa katedratiko sa Canones.']"
concilio,1,0,C_TO_K,koncilio,HIGH,REVIEW,"['43: Kung sa gayong pananalita ay inakala ng Reberendo ang kutyain ang mga nag-aaral o ang mga banal na takda ng mga concilio, ay bagay na hindi pa napasisiyahan, kahit pinagtalunan na ng mahaba.']"
pagsusuot,1,0,UO_TO_O,pagsusot,MEDIUM,REVIEW,"['82: Siya ang natakdaang bibigkas ng talumpating pagpapasalamat sa pagsusuot ng “muceta”, at nakikinikinita na niyang siya’y nasa gitna ng Paraninfo, sa harap ng lahat ng nangagtuturo, at siya ang pinagtitinginanan at pinakikinggan ng madla.']"
requiescat,1,0,C_TO_K,requieskat,HIGH,REVIEW,['56: hindi iyan; dominus vobiscum ang sinasabi ko sa iyo at ang isinasagot mo sa akin ay requiescat in pace!']
medico,1,0,C_TO_K,mediko,HIGH,REVIEW,"['80: Ang taong ito’y siyang huling taon ng kaniyang pag-aaral at sa loob ng dalawang buwan na lamang ay “medico” na siya, uuwi na sa kaniyang bayan, pakakasal kay Juliana at mamumuhay silang maligaya.']"
vocatur,1,0,C_TO_K,vokatur,HIGH,REVIEW,"['71: Kung ang pamukha ay siyang salamin, ay iba sa kabagayan ng salamin ang ano mang nalalagay sa likuran, sa dahilang ang nasa likod ay hindi makapagbabago sa nasa sa harapan, id est, ng ibabaw, quae super faciem est, quia vocatur superficies facies ea quae supra videtur; pinaayunan mo o hindi?']"
commendo,1,0,C_TO_K,kommendo,HIGH,REVIEW,"['79: Hinuhudyatan siyang umayon ng mga kasama, lalo na si Juanito Pelaez, at sa pagpapadala sa masama niyang kapalaran, ay bumitiw ng isang umaayon po ako, Padre na ang boses ay malamlam na waring ang tinuran ay In manus tuas commendo spiritum meum.']"
Concedo,1,1,C_TO_K,Koncedo,MEDIUM,REVIEW,"['80: —Concedo antecedentum—ang ulit ng nagtuturo na ngumiti ng may kahulugan—ergo, maaaring kayurin ko ang tinggang puti ng isang salaming bubog, palitan ng kaputol na bibingka at mayroon din tayong salamin, ¿ha?']"
dereliquiste,1,0,QU_TO_K,derelikiste,HIGH,REVIEW,"['83: Deus meus, Deus meus, quare dereliquiste me, ang ipinahahayag ng kaniyang hapis na paningin samantalang ang kaniyang mga labi’y bumibigkas ng ¡linintikan!']"
Atqui,1,1,QU_TO_K,Atki,MEDIUM,REVIEW,"['169: Atqui sa dahilang bihira kong basahin ang talaan at sa bawat pagkahuli ko sa isa ay nilalagyan ko ng limang guhit, ergo ¿ilan ang makalimang lima?']"
multiplicar,1,0,C_TO_K,multiplikar,HIGH,REVIEW,['170: ¡Nakalimot ka na marahil ng multiplicar!']
camaron,1,0,C_TO_K,kamaron,HIGH,REVIEW,"['179: —Labing lima, parejo camaron con cangrejo!']"
cangrejo,1,0,C_TO_K,kangrejo,HIGH,REVIEW,"['179: —Labing lima, parejo camaron con cangrejo!']"
Cogito,1,1,C_TO_K,Kogito,MEDIUM,REVIEW,"['31: —¡Cogito, ergo sum!']"
escolastico,1,0,C_TO_K,eskolastiko,HIGH,REVIEW,"['103: Sa España ay nagkaroon kami ng kapangyarihang alinsunod sa kaibigan ng iisang tao at kayo’y nagkaroon ng gayon ding pamahalaan; kinalatan ng mga prayle ng kanilang kombento ang aming mga lupain at kombento ng mga prayle ang laman ng isang katlong bahagi ng Maynila; sa España ay pinalalakad pa ang bitay, at ang bitay ay siyang huling kaparusahan dito; kami ay katoliko at ginawa namin kayong katoliko; kami’y naging escolastico at ang escolasticismo ay siyang nananagumpay sa inyong mga paaralan; sa isang sabi, mga ginoo, umiiyak kami kung kayo’y umiiyak, nagtitiis kami kung kayo’y nagtitiis, iisa ang dambana natin, iisa ang ating hukuman, iisang kaparusahan, at nararapat na ibigay namin sa inyo ang amin ding mga karapatan at ang amin ding mga katuwaan.']"
heretico,1,0,C_TO_K,heretiko,HIGH,REVIEW,"['148: Yaon ay isang banal na pulutong na itinatag upang tumulong sa Dios sa pakikibaka sa dilang kasamaan, upang pigilin ang pagpasok ng contrabando heretico sa talipapa ng bagong Siyon.']"
contrabando,1,0,C_TO_K,kontrabando,HIGH,REVIEW,"['148: Yaon ay isang banal na pulutong na itinatag upang tumulong sa Dios sa pakikibaka sa dilang kasamaan, upang pigilin ang pagpasok ng contrabando heretico sa talipapa ng bagong Siyon.']"
Seneca,1,1,C_TO_K,Seneka,MEDIUM,REVIEW,"['154: —Katutubo ng tao ang mamuhi doon sa inapi niya, ang sabi ni Tacito na pinatibayan ang quos laeserunt et oderunt ni Seneca.']"
pasuotsuot,1,0,UO_TO_O,pasotsot,MEDIUM,REVIEW,"['23: Yao’y isang sisidlang bakal, na patalim na kininis, at maraming palamuting bronse at mga matitibay at pasuotsuot na panara.']"
Golconda,1,1,C_TO_K,Golkonda,MEDIUM,REVIEW,['66: Itong isa na nakuha sa mina sa Golconda ay tatlong kilatis at kalahati ang timbang at ang halaga’y higit sa anim na pung libo.']
Marco,1,1,C_TO_K,Marko,MEDIUM,REVIEW,"['95: Sa pamag-itan niyan marahil ay nasilo ni Cleopatra si Cesar, si Marco Antonio...... iyan ay nakadingig ng mga panunumpa sa pag-ibig ng dalawang lalong bantog na bayani sa kanilang kapanahunan, iyan ay nakadingig ng mga banggit na lubhang ayos at malinis na wikang latin, at maanong magamit mo na lamang siya!']"
masusuot,1,0,UO_TO_O,masusot,MEDIUM,REVIEW,"['105: —ang sabi tuloy—masusuot na ang dalawang daliri ng sino man sa atin; sinasabi ko na nga, tayo’y pumapaurong.']"
Nicasio,1,1,C_TO_K,Nikasio,MEDIUM,REVIEW,"['165: Ang mga pangalan ninyo’y Luis Habaña, Matias Belarmino, Nicasio Eigasani, Cayetano de Jesus, Mateo Elejorde, Leandro Lopez, Antonino Lopez, Silvestre Ubaldo, Manuel Hidalgo, Paciano Mercado, kayo ang buong bayan ng Kalamba!....']"
Cayetano,1,1,C_TO_K,Kayetano,MEDIUM,REVIEW,"['165: Ang mga pangalan ninyo’y Luis Habaña, Matias Belarmino, Nicasio Eigasani, Cayetano de Jesus, Mateo Elejorde, Leandro Lopez, Antonino Lopez, Silvestre Ubaldo, Manuel Hidalgo, Paciano Mercado, kayo ang buong bayan ng Kalamba!....']"
Mercado,1,1,C_TO_K,Merkado,MEDIUM,REVIEW,"['165: Ang mga pangalan ninyo’y Luis Habaña, Matias Belarmino, Nicasio Eigasani, Cayetano de Jesus, Mateo Elejorde, Leandro Lopez, Antonino Lopez, Silvestre Ubaldo, Manuel Hidalgo, Paciano Mercado, kayo ang buong bayan ng Kalamba!....']"
alcalde,1,0,C_TO_K,alkalde,HIGH,REVIEW,"['3: Inakala na ng mga may kapangyarihan sa lalawigan na may maaalis sa katungkulan o kaya’y malilipat; ang mga kaawaawang kapitan sa bayan at mga kabisa ay hindi nangapalagay at hindi nangakatulog sa panganganib na baka masumpungan ng maalindog na mangangaso ang ipalit sila sa mga hayop sa gubat na hindi marunong umalinsunod, gaya ng ginawa na ng isang alcalde noong mga nakaraang araw na napapasan sa tao, sa boo niyang paglalakbay, sapagka’t walang mabait na kabayong maaasahang hindi magbabagsak sa kaniya.']"
Cartago,1,1,C_TO_K,Kartago,MEDIUM,REVIEW,"['24: —Mayroon po akong mga palamuti ng liig ni Cleopatra, mga sadyang tunay, na nakuha sa mga piramide, mga singsing ng mga senador at mga Ginoong romano na nakuha sa mga labing muog ng Cartago......']"
pecadores,1,0,C_TO_K,pekadores,HIGH,REVIEW,"['18: ¿Dapat ba namang bigkasin ng tunggak na iyon ang Dios te Salve Maria ng hindi humihinto sa es contigo, at ang Santa Maria ay walang patlang sa pecadores, na gaya ng ginagawa ng sino mang mabuting kristiana na may takot sa Dios?']"
quem,1,0,QU_TO_K,kem,HIGH,REVIEW,['157: Proprium humani ingenii est odisse quem laeseris.']
contigo,1,0,C_TO_K,kontigo,HIGH,REVIEW,"['18: ¿Dapat ba namang bigkasin ng tunggak na iyon ang Dios te Salve Maria ng hindi humihinto sa es contigo, at ang Santa Maria ay walang patlang sa pecadores, na gaya ng ginagawa ng sino mang mabuting kristiana na may takot sa Dios?']"
casus,1,0,C_TO_K,kasus,HIGH,REVIEW,['187: May anim na buwan nang ang kahilingan ay nag-aantay doon ng isang kapasiyahan at naging isang wari’y casus belli na tuloy ng ilang lupon.']
Makaragui,1,1,GUI_TO_GI,Makaragi,MEDIUM,REVIEW,['208: —Mayroon pang isang nagngangalang Makaragui o Makarai......']
isinusuot,1,0,UO_TO_O,isinusot,MEDIUM,REVIEW,"['33: At gayon nga marahil, sapagka’t ginigising silang maaga, linilinis, binibihisan at isinusuot sa kanila ang lahat ng kagayakang bago, mahal at mainam na mayroon sila, mga sapatos na sutla, malalaki’t malalapad na sombrero, damit na lana, sutla o tersiopelo, kasama ang apat o limang maliliit na kalmen na may dalang ebanhelio ni San Juan, at matapos na mataglay ang lahat ng yaon ay dinadala sila sa misa mayor na kulangkulang sa isang oras ang haba, pinagtitiis sila ng init at singaw ng maraming taong nagkakasiksikan at nagpapawis, at kung hindi man sila pinagdadasal ng rosario ay kailangan naman nila ang huwag maglilikot, mayamot o makatulog.']"
politica,1,0,C_TO_K,politika,HIGH,REVIEW,"['245: Ang pagtuturo ng wikang kastila ay mangyayaring pahintulutan ng walang anomang kapanganiban, at upang huwag lumabas na isang pagdaig sa Unibersidad, ay nararapat na tayong mga dominiko ay magpauna sa pagkagalak ng dahil sa bagay na iyan; iyan ang politica.']"
Escuela,1,1,C_TO_K,Eskuela,MEDIUM,REVIEW,"['13: Kahi’t na sa mga ilan ilang dako’y nakapagpapasaya sa hanay ang matalaghay at makulay na anyo ng mga nag-aaral na babae sa Escuela Municipal, na may mga sintas sa balikat at bitbit ang kanilang mga pinag-aaralang aklat at kasunod ang kanilang mga alila, ay bahagya nang madingig ang isang tawa, bahagya nang madingig ang isang aglahi; walang mga awitan; walang masasayang parunggit; kung baga man ay mabibigat na biro, awayan ng maliliit.']"
escolasticos,1,0,C_TO_K,eskolastikos,HIGH,REVIEW,"['115: Sa isang pulutong ay nagtatalotalo, nagkakatwiranan, bumabanggit ng sinabi ng propesor, ng mga natatala sa aklat, ng mga principios escolasticos; sa ibang pulutong ay nagkukumpayan ng mga aklat, sa pamagitan ng mga tungkod ay iginuguhit sa lupa ang ibig ipakilala; sa dako pa roon ang nangalilibang naman sa panonood sa mga mapanatang tumutungo sa kalapit na simbahan, at kung ano ano ang ibinubuhay dahil sa namamalas.']"
Mecachis,1,1,C_TO_K,Mekachis,MEDIUM,REVIEW,['127: —¡Mecachis!']
escolasticismo,1,0,C_TO_K,eskolasticismo,HIGH,REVIEW,"['103: Sa España ay nagkaroon kami ng kapangyarihang alinsunod sa kaibigan ng iisang tao at kayo’y nagkaroon ng gayon ding pamahalaan; kinalatan ng mga prayle ng kanilang kombento ang aming mga lupain at kombento ng mga prayle ang laman ng isang katlong bahagi ng Maynila; sa España ay pinalalakad pa ang bitay, at ang bitay ay siyang huling kaparusahan dito; kami ay katoliko at ginawa namin kayong katoliko; kami’y naging escolastico at ang escolasticismo ay siyang nananagumpay sa inyong mga paaralan; sa isang sabi, mga ginoo, umiiyak kami kung kayo’y umiiyak, nagtitiis kami kung kayo’y nagtitiis, iisa ang dambana natin, iisa ang ating hukuman, iisang kaparusahan, at nararapat na ibigay namin sa inyo ang amin ding mga karapatan at ang amin ding mga katuwaan.']"
academico,1,0,C_TO_K,akademiko,HIGH,REVIEW,"['149: Kahi’t nag-aaral ng pag-aabogado upang magkaroon lamang ng isang titulo academico, ay may kabantugan siya sa pagkamasipag mag-aral, at kung sa pagsasalita ng alinsunod sa turong paaralan ay hindi na mahuhuli sa ibang mapaghamon sa pagtatalo sa loob ng Unibersidad.']"
reliquias,1,0,QU_TO_K,relikias,HIGH,REVIEW,"['30: Sinasasabi naman ng mga babae na ibig nilang magkaroon ng galing sa Roma, mga kuwintas na benenditahan ng Papa, mga reliquias na nakapagpapatawad ng mga kasalanan na hindi na kailangan ang mangumpisal, at iba pa.']"
chocolate,1,0,C_TO_K,chokolate,HIGH,REVIEW,"['85: Ako’y naging alila ng lahat ng prayle, ipinagluto ko sila ng chocolate, at samantalang ang kanan ko’y ipinanghahalo sa batidor ay pigil ko sa kaliwa ang gramatika, nag-aaral ako at, salamat na lamang sa Dios, hindi ako nagkailangan ng iba pang mga guro, ni iba pang akademia, ni mga pahintulot ng pamahalaan....']"
constanos,1,0,C_TO_K,konstanos,HIGH,REVIEW,"['12: Ang Buena Tinta ay galing sa kaniyang pakikipagkaibigan kay Ben-Zayb, nang ito, sa dalawang matunog na pakipagtunggali na inabot ng buwanan at lingguhan sa mga tudling ng pahayagan ukol sa kung nararapat o hindi gumamit ng sombrerong hongo, de copa o salakot, at kung ang paggamit ng ukol sa marami ng salitang caracter ay dapat maging caracteres at hindi caracteres, upang patibayan ang kaniyang mga pangangatwiran ay lumulusot kailan man sa mga salitang “constanos de buena tinta”, “lo sabemos de buena tinta” at iba pa.']"
Economica,1,1,C_TO_K,Ekonomika,MEDIUM,REVIEW,"['15: Sapagka’t may likas na katalinuhan, kapangahasan at walang pagkatigatig, ay natutong samantalahin ang lipunang kaniyang kinalalagyan, at sa tulong ng salapi ng kaniyang asawa ay nangalakal at tumanggap ng anomang pagawa ng Pamahalaan at ng Ayuntamiento, kaya’t ginawa tuloy siyang konsehal, pagkatapos ay alkalde, kagawad ng Sociedad Economica de Amigos del Pais, kasangguni ng Pangasiwaan, Pangulo ng Lupong Nangangasiwa sa Obras Pias, kagawad sa Lupong ng Kawanggawa, conciliario ng Banco Español Filipino, at iba’t iba pa.']"
conciliario,1,0,C_TO_K,konciliario,HIGH,REVIEW,"['15: Sapagka’t may likas na katalinuhan, kapangahasan at walang pagkatigatig, ay natutong samantalahin ang lipunang kaniyang kinalalagyan, at sa tulong ng salapi ng kaniyang asawa ay nangalakal at tumanggap ng anomang pagawa ng Pamahalaan at ng Ayuntamiento, kaya’t ginawa tuloy siyang konsehal, pagkatapos ay alkalde, kagawad ng Sociedad Economica de Amigos del Pais, kasangguni ng Pangasiwaan, Pangulo ng Lupong Nangangasiwa sa Obras Pias, kagawad sa Lupong ng Kawanggawa, conciliario ng Banco Español Filipino, at iba’t iba pa.']"
Banco,1,1,C_TO_K,Banko,MEDIUM,REVIEW,"['15: Sapagka’t may likas na katalinuhan, kapangahasan at walang pagkatigatig, ay natutong samantalahin ang lipunang kaniyang kinalalagyan, at sa tulong ng salapi ng kaniyang asawa ay nangalakal at tumanggap ng anomang pagawa ng Pamahalaan at ng Ayuntamiento, kaya’t ginawa tuloy siyang konsehal, pagkatapos ay alkalde, kagawad ng Sociedad Economica de Amigos del Pais, kasangguni ng Pangasiwaan, Pangulo ng Lupong Nangangasiwa sa Obras Pias, kagawad sa Lupong ng Kawanggawa, conciliario ng Banco Español Filipino, at iba’t iba pa.']"
cofradia,1,0,C_TO_K,kofradia,HIGH,REVIEW,"['17: Gayon di’y naging kagawad ng Junta Central sa pagbabakuna, na binubuo ng tatlong manggagamot at pitong walang pagkabatid sa bagay na iyon, na sa mga ito’y isa ang arsobispo at ang tatlo’y mga provincial: nakakapatid sa mga cofradia at archicofradia, at, gaya ng naunawa na natin, ay kagawad na magpapalagay sa Kataastaasang Lupon ng Paaralang bayan na hindi laging kumikilos, mga sanhing higit na sa kailangan upang balutin siya ng mga pamahayagan ng mga palayaw, kailan ma’t naglalakbay o nagbabahin.']"
archicofradia,1,0,C_TO_K,archikofradia,HIGH,REVIEW,"['17: Gayon di’y naging kagawad ng Junta Central sa pagbabakuna, na binubuo ng tatlong manggagamot at pitong walang pagkabatid sa bagay na iyon, na sa mga ito’y isa ang arsobispo at ang tatlo’y mga provincial: nakakapatid sa mga cofradia at archicofradia, at, gaya ng naunawa na natin, ay kagawad na magpapalagay sa Kataastaasang Lupon ng Paaralang bayan na hindi laging kumikilos, mga sanhing higit na sa kailangan upang balutin siya ng mga pamahayagan ng mga palayaw, kailan ma’t naglalakbay o nagbabahin.']"
nanuod,1,0,UO_TO_O,nanod,MEDIUM,REVIEW,['44: ¿Nabaluktot baga ang isa man sa mga daliri niya sa pagbunot ng isang ugat man lamang na nanuod doon?']
carlista,1,0,C_TO_K,karlista,HIGH,REVIEW,"['32: Napakalaki ang kapusukan niya ng mga unang araw na iyon, na ang ilan sa kausap-usap sa tindahan ng mga sarisaring kakanin na dinadalaw niyang maminsanminsan ay nangagsisapi sa pangkating liberal, at nagpanggap nang liberal si Don Eulogio Badana, sargento retirado sa carabinero; ang marangal na si Armendia, piloto at matalik na carlista; si Don Eusebio Picote, kawani sa aduana, at si Don Bonifacio Tacon, sapatero at talabartero.']"
Picote,1,1,C_TO_K,Pikote,MEDIUM,REVIEW,"['32: Napakalaki ang kapusukan niya ng mga unang araw na iyon, na ang ilan sa kausap-usap sa tindahan ng mga sarisaring kakanin na dinadalaw niyang maminsanminsan ay nangagsisapi sa pangkating liberal, at nagpanggap nang liberal si Don Eulogio Badana, sargento retirado sa carabinero; ang marangal na si Armendia, piloto at matalik na carlista; si Don Eusebio Picote, kawani sa aduana, at si Don Bonifacio Tacon, sapatero at talabartero.']"
Tacon,1,1,C_TO_K,Takon,MEDIUM,REVIEW,"['32: Napakalaki ang kapusukan niya ng mga unang araw na iyon, na ang ilan sa kausap-usap sa tindahan ng mga sarisaring kakanin na dinadalaw niyang maminsanminsan ay nangagsisapi sa pangkating liberal, at nagpanggap nang liberal si Don Eulogio Badana, sargento retirado sa carabinero; ang marangal na si Armendia, piloto at matalik na carlista; si Don Eusebio Picote, kawani sa aduana, at si Don Bonifacio Tacon, sapatero at talabartero.']"
magsusuot,1,0,UO_TO_O,magsusot,MEDIUM,REVIEW,"['29: —Sa taong darating ay magsusuot ka na ng de cola at paparoon ka sa Maynila, upang mag-aral na gaya ng mga dalaga sa bayan!']"
Condesa,1,1,C_TO_K,Kondesa,MEDIUM,REVIEW,"['54: Nabalitang ang General ay nakagalit ng Condesa: na ito’y naninirahang madalas sa mga bahay liwaliwan; na ang marangal na pinuno ay nabugnot; na ang consul ng mga pranses ay gayon, na nagkaroon ng mga handog, at iba pa.']"
americana,1,0,C_TO_K,amerikana,HIGH,REVIEW,"['77: Mga lalaking madidilim ang mukha, mga hukot, mga di mapalagay at hindi mawasto at masama ang pagkakabalatkayo ng suot, na wari’y noon lamang nagsuot ng americana.']"
Descartes,1,1,C_TO_K,Deskartes,MEDIUM,REVIEW,"['112: Sa pulutong ng mga talogigi, si Tadeo, ang nagkakasakit kung pumapanaog ang guro, ay kaakbay ng kaniyang kababayang baguhan na namalas nating nagtiis ng inianak ng masamang pagkakabasa sa katotohanang sinabi ni Descartes.']"
quinto,1,0,QU_TO_K,kinto,HIGH,REVIEW,"['116: yao’y isang bulagbul, isang oficial quinto, isang taong walang gaanong kabuluhan!']"
palco,1,0,C_TO_K,palko,HIGH,REVIEW,['172: Binigyan sila nito ng isang palco at lalo pa manding kuba kay sa karaniwan.']
Balcon,1,1,C_TO_K,Balkon,MEDIUM,REVIEW,"['189: —Hindi, tao ka, ang mga pangalan niyan ay mga binibini ni Balcon, mga mapamintas, mga matatandang dalaga, mamumula....']"
Parca,1,1,C_TO_K,Parka,MEDIUM,REVIEW,"['192: Sa likod ng mga Parca, na panakot sa bayan, ay dumarating ang tatlong iyan, na ipinagmamalaki ng kanilang mga kaibigang kinabibilangan ko.']"
Caton,1,1,C_TO_K,Katon,MEDIUM,REVIEW,['43: —ang tugon na wari’y isang Caton na nasisiyahan sa sariling budhi.']
cabecera,1,0,C_TO_K,kabecera,HIGH,REVIEW,"['60: Datapwa’y hindi makapangahas na bigyan siyang katwiran ng mga hukom pamayapa sa bayan at nang nasa cabecera, dahil sa natatakot maalis sa katungkulan, sapagka’t nadadala na dahil sa isang kaagad-agad ay inalis.']"
caracter,1,0,C_TO_K,karacter,HIGH,REVIEW,"['12: Ang Buena Tinta ay galing sa kaniyang pakikipagkaibigan kay Ben-Zayb, nang ito, sa dalawang matunog na pakipagtunggali na inabot ng buwanan at lingguhan sa mga tudling ng pahayagan ukol sa kung nararapat o hindi gumamit ng sombrerong hongo, de copa o salakot, at kung ang paggamit ng ukol sa marami ng salitang caracter ay dapat maging caracteres at hindi caracteres, upang patibayan ang kaniyang mga pangangatwiran ay lumulusot kailan man sa mga salitang “constanos de buena tinta”, “lo sabemos de buena tinta” at iba pa.']"
Compañia,1,1,C_TO_K,Kompañia,MEDIUM,REVIEW,['116: Ang pinakamatalas sa lahat ay ang pusakal na pagingera na si Hermana Bali na nanirahan sa Maynila upang mag ejercicio sa beaterio ng La Compañia.']
suob,1,0,UO_TO_O,sob,MEDIUM,REVIEW,['12: Isang amoy suob at pagkit ay siya pang nakapagpaparagdag sa gayon.']
kasuotang,1,0,UO_TO_O,kasotang,MEDIUM,REVIEW,"['24: Ang ipinangtatawid kagutuman niya ay mga bungang kahoy ng mga kagubatang kaniyang pinagtataguan kailan ma’t nakakatanaw ng suot guardia sibil, kasuotang nakapagpapaalaala ng pinagbuhatan ng kaniyang mga kasawian.']"
retorica,1,0,C_TO_K,retorika,HIGH,REVIEW,['101: —ang bulalas ng abogado na ikinumpay ng palikawlikaw sa hangin ang kamay na waring ibig bugawin ang mga paghahakang nabanggit—upang maging mabuting mang-aani ay hindi kailangan ang maraming retorica.']
aguinaldo,1,0,GUI_TO_GI,aginaldo,HIGH,REVIEW,"['42: Gaya ng maaantay ay hindi kasama ang kura, matapos ang kaniyang ginawa: nang taong iyon ay masama ang loob, sa dahilang kinailangan niyang gamitin ang boo niyang katalinuhan at pananalitang pasilosilo upang ang mga taong bayan ay magbayad ng tatlong pung piso sa bawat isang “misa de aguinaldo” at hindi dalawang pu na gaya nang dating halaga.']"
chaleco,1,0,C_TO_K,chaleko,HIGH,REVIEW,"['53: Isang araw, sa misa, ang kapitan sa naturales na nakaupo sa bangkong nasa dakong kanan at lubhang payat, ay nakaisip na pagpatungin ang kaniyang mga paa, na anyong nonchalant, upang lumakilaki sa wari ang kaniyang mga pigi at maipamalas ang kaniyang mainam na sapatos; ang sa mestiso namang naluluklok sa kabilang ibayo, sa dahilang may juanete at hindi mapagpatong ang paa dahil sa katabaan at buyunin ay umanyo namang ibinikaka ang kaniyang mga hita upang malantad ang tiyang nakukulong ng isang chaleco na walang kakuton kuton na napapalamutihan ng isang magandang tanikalang ginto at brilyante.']"
Quiroga’y,1,1,QU_TO_K,kiroga’y,MEDIUM,REVIEW,['115: Si Quiroga’y nagulumihanan.']
Carpio,1,1,C_TO_K,Karpio,MEDIUM,REVIEW,"['23: Tinatawag siyang Bernardo ng mga tagalog, nang hindi maalaman kung bakit, marahil ay pinagkakamalang siya ang Bernardo del Carpio.']"
escultura,1,0,C_TO_K,eskultura,HIGH,REVIEW,"['64: Pinag-uusapan ang tuntunin ng Arte, humahanap ng pagkakatimbangtimbang ng laki, ang sabi ng isa’y walang pitong ulo ang larawang gayon, na ang mukha’y kulang ng isang ilong, wala kundi tatatlo, bagay na ikinapag-isip ng kaunti ni Padre Camorra na di makahulong kung bakit, upang maging ayos ang isang larawan ay, dapat magkaroon ng apat na ilong at pitong ulo; anang isa’y kung bakit malitid, sa, ang mga indio ay hindi gayon; na kung yaon ay matatawag na escultura o carpinteria lamang, at iba pa.']"
carpinteria,1,0,C_TO_K,karpinteria,HIGH,REVIEW,"['64: Pinag-uusapan ang tuntunin ng Arte, humahanap ng pagkakatimbangtimbang ng laki, ang sabi ng isa’y walang pitong ulo ang larawang gayon, na ang mukha’y kulang ng isang ilong, wala kundi tatatlo, bagay na ikinapag-isip ng kaunti ni Padre Camorra na di makahulong kung bakit, upang maging ayos ang isang larawan ay, dapat magkaroon ng apat na ilong at pitong ulo; anang isa’y kung bakit malitid, sa, ang mga indio ay hindi gayon; na kung yaon ay matatawag na escultura o carpinteria lamang, at iba pa.']"
Porque,1,1,QU_TO_K,Porke,MEDIUM,REVIEW,['95: —¿Porque ba no di podi nisos entra?']
cafe,1,0,C_TO_K,kafe,HIGH,REVIEW,"['154: Makaraan ang dalawang oras ay nilisan ni Placido ang bahay ng mag-aalahas at walang imik at nagiisip na lumakad sa Escolta, na wala nang katao tao kahit na masaya pa rin ang mga “cafe”.']"
comandante,1,0,C_TO_K,komandante,HIGH,REVIEW,"['2: Siya’y nabalam ng ilang oras sa kaniyang lakad sapagka’t nahuli ng guardia sibil ang kutsero na nakalimot magtaglay ng sedula personal at dinala sa kuartel upang iharap sa comandante, matapos mabigyan ng ilang halibas ng kulata.']"
Curioso,1,1,C_TO_K,Kurioso,MEDIUM,REVIEW,['98: —¡Curioso tambien el mana prailes!']
quiere,1,0,QU_TO_K,kiere,HIGH,REVIEW,['99: —ang sabi ng boses babae—¡no quiere pa que di sabe nisos cuando ilos ta sali ingañau!']
Cosa,1,1,C_TO_K,Kosa,MEDIUM,REVIEW,['100: ¡Cosa!']
querida,1,0,QU_TO_K,kerida,HIGH,REVIEW,['101: ¿querida ba de prayle el cabesa?']
invocat,1,0,C_TO_K,invokat,HIGH,REVIEW,"['112: Ang mga matang iyon ay may matalas na ningning na nararagdagan pa ng kaniyang mga panglook, at sa dahilang abyssus abyssum invocat, ang mga matang iyon ay napatitig sa mga malalalim at nangangalong mata ni Padre Salvi na dilat na dilat na wari’y nakakikita ng isang multo.']"
canonigo,1,0,C_TO_K,kanonigo,HIGH,REVIEW,"['17: Nang umagang iyon ay lalo pang namumuhi si aling Victorina dahil sa hindi siya pinapansin ng mga kalipon, at dapat nga namang magkagayon, sapagka’t tignan nga naman ninyo: magkalipon doon ang tatlong prayleng nananalig na ang buong mundo’y lalakad ng patiwarik sa araw na sila’y lumakad ng matuwid; isang walang pagal na Don Custodio na payapang natutulog, na siyangsiya ang loob sa kaniyang mga munakala; isang walang pagod na manunulat na gaya ni Ben-Zayb (katimbang ng Ibañez) na nag-aakalang kung kaya’t may nag-iisip sa Maynila ay sa dahilang siya’y nag-iisip; isang canonigo na gaya ni Padre Irene na nagbibigay dangal sa mga pari dahil sa mabuti ang pagkakaahit ng kaniyang mukhang kinatatayuan ng isang ilong hudio at dahil sa kaniyang sotanang sutla na mainam ang tabas at maraming botones; at isang mayamang mag-aalahas na gaya ni Simoun na siya manding tanungan at nag-uudyok sa mga galaw ng Kapitan General; akalain nga ba namang magkatatagpo ang mga haliging ito na sine quibus non ng bayan, magkapipisan doon at maligayang nag-uusap, na hindi nabibighaning malugod sa isang tumakwil sa pagkapilipina, na nagpapula ng buhok, ¡bagay ng sukat makabugnot sa isang Joba!']"
Ruolz,1,1,UO_TO_O,Rolz,MEDIUM,REVIEW,"['61: Ang pagparoon sa Hongkong ay gumising sa kaniya ng isang alaala, isang kasaysayan ng mga kagayakang pamukha ng dambana, mga ciriales at mga titirikan ng kandila na pawang pilak na inihandog sa isang simbahan ng kabanalan ng mga mapanampalataya; anang isang platero, ay nagpagawa sa Honkong ang mga prayle ng ibang kagayakan sa dambana, mga ciriales at mga titirikan ng kandila na pawang pilak na Ruolz na siyang ipinalit sa mga tunay na pilak na ipinatunaw at ipinagawang pisong mehikano.']"
Cuba,1,1,C_TO_K,Kuba,MEDIUM,REVIEW,"['94: Nakilahok sa himagsikan sa Cuba, na tinulungan ang magkabilang pangkat, ngunit saan man, siya’y nakikinabang.']"
